User Id,Datetime,Amount
190,01/10/2022 00:03:00,5872
159,01/10/2022 00:16:00,9540
164,01/10/2022 00:24:00,815
946,01/10/2022 00:29:00,23000
763,01/10/2022 00:40:00,9473
47,01/10/2022 01:01:00,3637
302,01/10/2022 01:11:00,2000
461,01/10/2022 01:17:00,9800
12,01/10/2022 01:27:00,1800
530,01/10/2022 01:32:00,16000
471,01/10/2022 02:00:00,25000
968,01/10/2022 02:03:00,2000
157,01/10/2022 02:45:00,27777
47,01/10/2022 02:52:00,1873
313,01/10/2022 03:27:00,6000
852,01/10/2022 03:29:00,10850
804,01/10/2022 03:32:00,1719
417,01/10/2022 03:33:00,2750
480,01/10/2022 03:45:00,3887
164,01/10/2022 03:50:00,5200
946,01/10/2022 03:57:00,35000
633,01/10/2022 04:05:00,10000
689,01/10/2022 04:05:00,200
234,01/10/2022 04:25:00,3802
941,01/10/2022 04:36:00,60000
390,01/10/2022 04:38:00,5000
637,01/10/2022 05:25:00,1000
506,01/10/2022 05:48:00,6000
667,01/10/2022 05:51:00,5289
422,01/10/2022 06:05:00,22000
27,01/10/2022 06:44:00,6000
677,01/10/2022 06:52:00,10000
16,01/10/2022 06:52:00,9999
941,01/10/2022 06:54:00,175000
238,01/10/2022 07:29:00,51000
272,01/10/2022 07:34:00,16705
625,01/10/2022 07:52:00,21700
541,01/10/2022 08:01:00,3700
946,01/10/2022 08:26:00,39000
421,01/10/2022 08:30:00,7000
253,01/10/2022 08:42:00,56069
598,01/10/2022 08:57:00,12000
407,01/10/2022 09:03:00,9000
276,01/10/2022 09:05:00,12925
421,01/10/2022 09:50:00,12200
880,01/10/2022 09:54:00,240000
440,01/10/2022 10:03:00,3300
262,01/10/2022 10:09:00,500
464,01/10/2022 10:11:00,48600
335,01/10/2022 10:15:00,20000
940,01/10/2022 10:17:00,50000
774,01/10/2022 10:36:00,50000
599,01/10/2022 10:40:00,13144
261,01/10/2022 10:54:00,500
9,01/10/2022 11:08:00,49900
99,01/10/2022 11:36:00,61791
299,01/10/2022 11:39:00,10000
97,01/10/2022 11:42:00,12000
187,01/10/2022 12:05:00,2000
99,01/10/2022 12:08:00,23198
421,01/10/2022 12:13:00,7800
471,01/10/2022 12:33:00,17015
885,01/10/2022 12:40:00,15000
296,01/10/2022 12:40:00,13156
502,01/10/2022 12:41:00,500
11,01/10/2022 13:12:00,2500
412,01/10/2022 13:27:00,1700
962,01/10/2022 13:31:00,5100
474,01/10/2022 13:46:00,24000
888,01/10/2022 13:58:00,5000
31,01/10/2022 14:13:00,2000
852,01/10/2022 14:16:00,6500
987,01/10/2022 14:18:00,4400
666,01/10/2022 14:28:00,4000
663,01/10/2022 14:39:00,10474
852,01/10/2022 14:57:00,9250
888,01/10/2022 15:02:00,199
74,01/10/2022 15:14:00,2080
114,01/10/2022 15:21:00,7500
989,01/10/2022 15:35:00,75000
634,01/10/2022 15:53:00,258533
795,01/10/2022 16:22:00,5500
292,01/10/2022 17:07:00,8900
514,01/10/2022 17:12:00,7000
929,01/10/2022 17:17:00,9636
2,01/10/2022 18:03:00,55000
471,01/10/2022 18:05:00,250
246,01/10/2022 18:14:00,5000
380,01/10/2022 18:15:00,7000
972,01/10/2022 18:17:00,3500
296,01/10/2022 18:18:00,7000
508,01/10/2022 18:21:00,20000
634,01/10/2022 18:25:00,295671
540,01/10/2022 18:33:00,75000
681,01/10/2022 18:40:00,132000
565,01/10/2022 18:44:00,200
292,01/10/2022 18:45:00,12049
845,01/10/2022 18:46:00,22700
850,01/10/2022 19:05:00,33451
733,01/10/2022 19:08:00,125
16,01/10/2022 19:34:00,8222
775,01/10/2022 19:38:00,5000
483,01/10/2022 20:04:00,8050
142,01/10/2022 20:14:00,43400
509,01/10/2022 20:34:00,173
933,01/10/2022 20:43:00,5500
987,01/10/2022 21:01:00,1750
890,01/10/2022 21:06:00,50000
155,01/10/2022 21:32:00,5500
31,01/10/2022 21:43:00,6000
518,01/10/2022 21:46:00,1650
422,01/10/2022 21:53:00,25000
827,01/10/2022 22:01:00,25000
660,01/10/2022 22:16:00,500
565,01/10/2022 22:27:00,2492
667,01/10/2022 22:29:00,4015
944,01/10/2022 22:32:00,1000
433,01/10/2022 22:38:00,100000
989,01/10/2022 22:48:00,130000
627,01/10/2022 23:16:00,9671
934,01/10/2022 23:30:00,2000
474,01/10/2022 23:41:00,6000
222,02/10/2022 00:23:00,60632
351,02/10/2022 00:30:00,5479
99,02/10/2022 00:36:00,43478
920,02/10/2022 00:46:00,13000
637,02/10/2022 00:51:00,3800
856,02/10/2022 01:22:00,15000
663,02/10/2022 01:29:00,10634
560,02/10/2022 02:07:00,7797
688,02/10/2022 02:09:00,62366
39,02/10/2022 02:12:00,14200
920,02/10/2022 02:18:00,25490
370,02/10/2022 02:26:00,39347
634,02/10/2022 02:35:00,295671
365,02/10/2022 02:48:00,45451
448,02/10/2022 03:17:00,6000
784,02/10/2022 03:33:00,5500
774,02/10/2022 03:37:00,66000
949,02/10/2022 03:48:00,124500
196,02/10/2022 04:17:00,40000
936,02/10/2022 04:18:00,6857
602,02/10/2022 04:41:00,7028
78,02/10/2022 05:06:00,22000
829,02/10/2022 05:09:00,3500
845,02/10/2022 05:10:00,22000
153,02/10/2022 05:28:00,10000
487,02/10/2022 05:35:00,30000
47,02/10/2022 05:45:00,5617
663,02/10/2022 06:24:00,2803
430,02/10/2022 06:38:00,10000
625,02/10/2022 06:45:00,17000
307,02/10/2022 06:49:00,19315
93,02/10/2022 07:31:00,22000
396,02/10/2022 07:32:00,3955
663,02/10/2022 07:35:00,2127
403,02/10/2022 07:36:00,10000
159,02/10/2022 07:48:00,22712
502,02/10/2022 07:55:00,16538
574,02/10/2022 07:56:00,9000
76,02/10/2022 08:11:00,1659
518,02/10/2022 08:38:00,150
238,02/10/2022 08:43:00,25000
106,02/10/2022 08:55:00,10000
566,02/10/2022 09:03:00,180041
944,02/10/2022 09:06:00,500
542,02/10/2022 09:09:00,6000
435,02/10/2022 09:11:00,1600
93,02/10/2022 09:51:00,33000
518,02/10/2022 10:06:00,5500
836,02/10/2022 10:13:00,15000
310,02/10/2022 10:23:00,40000
52,02/10/2022 10:37:00,9520
47,02/10/2022 10:49:00,1700
672,02/10/2022 11:25:00,60000
517,02/10/2022 11:46:00,8700
980,02/10/2022 12:13:00,5000
190,02/10/2022 12:40:00,327
164,02/10/2022 12:42:00,5200
33,02/10/2022 12:49:00,8000
625,02/10/2022 13:25:00,14249
289,02/10/2022 13:56:00,8000
634,02/10/2022 13:59:00,268616
946,02/10/2022 14:00:00,12000
299,02/10/2022 14:59:00,46000
421,02/10/2022 15:44:00,10600
330,02/10/2022 15:49:00,4000
944,02/10/2022 15:55:00,550
634,02/10/2022 15:58:00,124600
515,02/10/2022 16:25:00,15000
473,02/10/2022 16:32:00,1500
78,02/10/2022 17:11:00,38000
421,02/10/2022 17:11:00,18200
196,02/10/2022 17:30:00,9000
421,02/10/2022 18:17:00,30000
907,02/10/2022 18:19:00,2792
936,02/10/2022 19:05:00,4598
508,02/10/2022 19:10:00,30000
338,02/10/2022 19:17:00,7000
836,02/10/2022 19:25:00,10000
978,02/10/2022 19:33:00,18001
497,02/10/2022 19:37:00,10000
16,02/10/2022 19:45:00,10842
97,02/10/2022 19:54:00,5000
907,02/10/2022 20:10:00,1801
663,02/10/2022 20:27:00,8656
397,02/10/2022 20:31:00,1000
153,02/10/2022 20:35:00,10472
855,02/10/2022 20:41:00,5000
888,02/10/2022 20:48:00,2000
9,02/10/2022 20:55:00,11895
754,02/10/2022 21:26:00,13614
461,02/10/2022 21:31:00,9000
517,02/10/2022 21:36:00,7774
944,02/10/2022 21:38:00,500
659,02/10/2022 22:00:00,10000
39,02/10/2022 22:02:00,25701
137,02/10/2022 22:36:00,10000
168,02/10/2022 22:38:00,3000
920,02/10/2022 22:39:00,12000
754,02/10/2022 23:01:00,6117
825,02/10/2022 23:08:00,5000
164,02/10/2022 23:17:00,4650
421,02/10/2022 23:34:00,37300
852,02/10/2022 23:43:00,9300
542,03/10/2022 00:27:00,204305
836,03/10/2022 00:35:00,4000
31,03/10/2022 00:48:00,1596
200,03/10/2022 01:09:00,35000
31,03/10/2022 01:12:00,1422
967,03/10/2022 01:32:00,4800
370,03/10/2022 02:01:00,800
508,03/10/2022 02:02:00,15000
924,03/10/2022 02:24:00,20000
625,03/10/2022 02:29:00,9000
930,03/10/2022 02:38:00,24000
2,03/10/2022 02:39:00,117349
16,03/10/2022 02:50:00,11224
663,03/10/2022 03:02:00,9048
541,03/10/2022 03:10:00,6000
505,03/10/2022 03:13:00,5000
852,03/10/2022 03:27:00,1612
548,03/10/2022 03:28:00,200
826,03/10/2022 03:46:00,18452
848,03/10/2022 03:55:00,16120
763,03/10/2022 03:56:00,7000
843,03/10/2022 04:06:00,19000
497,03/10/2022 04:12:00,17500
790,03/10/2022 04:43:00,5200
888,03/10/2022 04:51:00,4999
884,03/10/2022 05:37:00,44166
633,03/10/2022 05:55:00,5000
250,03/10/2022 06:00:00,87500
140,03/10/2022 06:27:00,14000
784,03/10/2022 06:53:00,1500
927,03/10/2022 06:55:00,9999
318,03/10/2022 07:08:00,2000
448,03/10/2022 08:00:00,9500
47,03/10/2022 08:04:00,2500
553,03/10/2022 08:15:00,20000
230,03/10/2022 08:23:00,500
354,03/10/2022 08:39:00,40000
153,03/10/2022 08:54:00,6500
78,03/10/2022 09:08:00,54000
78,03/10/2022 09:09:00,31000
536,03/10/2022 09:11:00,4128
920,03/10/2022 09:15:00,84975
967,03/10/2022 10:01:00,6000
633,03/10/2022 10:05:00,15000
448,03/10/2022 10:12:00,8000
449,03/10/2022 10:37:00,30281
765,03/10/2022 10:46:00,1000
304,03/10/2022 10:57:00,4000
421,03/10/2022 11:09:00,12900
884,03/10/2022 11:40:00,25000
380,03/10/2022 11:51:00,5000
20,03/10/2022 11:52:00,10000
31,03/10/2022 11:54:00,4000
478,03/10/2022 12:01:00,1483
309,03/10/2022 12:18:00,7500
421,03/10/2022 12:20:00,5200
47,03/10/2022 12:32:00,3110
856,03/10/2022 12:50:00,14000
916,03/10/2022 13:22:00,1618
190,03/10/2022 13:52:00,521
946,03/10/2022 13:58:00,45000
421,03/10/2022 14:03:00,3100
587,03/10/2022 14:08:00,180000
448,03/10/2022 14:20:00,11000
420,03/10/2022 14:39:00,1940
902,03/10/2022 14:49:00,2000
31,03/10/2022 15:28:00,4300
357,03/10/2022 15:45:00,7862
168,03/10/2022 15:49:00,5500
246,03/10/2022 16:35:00,8500
467,03/10/2022 16:38:00,40000
888,03/10/2022 16:49:00,9499
78,03/10/2022 18:02:00,5000
667,03/10/2022 18:35:00,6034
421,03/10/2022 18:39:00,17100
884,03/10/2022 18:41:00,25000
365,03/10/2022 19:37:00,20015
558,03/10/2022 19:38:00,2788
82,03/10/2022 19:40:00,1100
795,03/10/2022 19:48:00,1000
752,03/10/2022 19:54:00,5002
337,03/10/2022 19:57:00,200
459,03/10/2022 20:39:00,5574
180,03/10/2022 20:46:00,5000
599,03/10/2022 20:57:00,22400
766,03/10/2022 21:04:00,2900
795,03/10/2022 21:10:00,1800
523,03/10/2022 21:14:00,9200
795,03/10/2022 21:21:00,15000
731,03/10/2022 21:41:00,12000
852,03/10/2022 21:53:00,2203
380,03/10/2022 22:01:00,3500
604,03/10/2022 22:17:00,4000
144,03/10/2022 22:57:00,28000
829,03/10/2022 23:29:00,32000
207,03/10/2022 23:36:00,5053
558,03/10/2022 23:38:00,2000
907,03/10/2022 23:45:00,2692
827,03/10/2022 23:57:00,100000
659,04/10/2022 00:01:00,2800
628,04/10/2022 00:01:00,5167
829,04/10/2022 00:14:00,9500
365,04/10/2022 00:20:00,9995
978,04/10/2022 00:21:00,50001
407,04/10/2022 00:40:00,7500
634,04/10/2022 00:46:00,217730
421,04/10/2022 00:47:00,16000
947,04/10/2022 00:51:00,20000
856,04/10/2022 01:05:00,30000
902,04/10/2022 01:05:00,10000
193,04/10/2022 01:21:00,34000
854,04/10/2022 01:28:00,17007
296,04/10/2022 01:32:00,10900
99,04/10/2022 02:06:00,154346
574,04/10/2022 02:12:00,12100
461,04/10/2022 02:19:00,2000
31,04/10/2022 02:24:00,1851
852,04/10/2022 02:34:00,1614
634,04/10/2022 02:34:00,191564
502,04/10/2022 02:35:00,9969
614,04/10/2022 02:35:00,3000
421,04/10/2022 02:37:00,4800
819,04/10/2022 02:59:00,8500
422,04/10/2022 03:07:00,15000
565,04/10/2022 03:13:00,1000
377,04/10/2022 03:21:00,11400
159,04/10/2022 03:43:00,12700
33,04/10/2022 03:46:00,9000
518,04/10/2022 03:54:00,400
64,04/10/2022 03:55:00,3700
987,04/10/2022 03:56:00,13000
634,04/10/2022 04:07:00,259116
47,04/10/2022 04:11:00,2800
972,04/10/2022 04:13:00,900
409,04/10/2022 04:49:00,13926
23,04/10/2022 04:51:00,34000
412,04/10/2022 05:03:00,3300
75,04/10/2022 05:22:00,3000
972,04/10/2022 05:22:00,1000
795,04/10/2022 05:26:00,15000
980,04/10/2022 05:50:00,4500
313,04/10/2022 05:55:00,4000
246,04/10/2022 05:57:00,10000
587,04/10/2022 05:59:00,200000
773,04/10/2022 06:06:00,5065
927,04/10/2022 06:11:00,6700
162,04/10/2022 06:12:00,90000
836,04/10/2022 06:47:00,20000
446,04/10/2022 07:00:00,22612
992,04/10/2022 07:13:00,25000
208,04/10/2022 07:22:00,75000
137,04/10/2022 07:36:00,10000
164,04/10/2022 07:45:00,5160
950,04/10/2022 07:49:00,5000
989,04/10/2022 07:57:00,115000
47,04/10/2022 08:04:00,5000
139,04/10/2022 08:14:00,11000
972,04/10/2022 08:28:00,17600
502,04/10/2022 09:01:00,6150
212,04/10/2022 09:31:00,18000
380,04/10/2022 09:36:00,10000
660,04/10/2022 09:40:00,1900
829,04/10/2022 10:07:00,10000
615,04/10/2022 10:11:00,500
688,04/10/2022 10:13:00,31100
548,04/10/2022 10:57:00,900
185,04/10/2022 11:22:00,1000
330,04/10/2022 11:29:00,5000
93,04/10/2022 11:30:00,25000
900,04/10/2022 11:38:00,8000
795,04/10/2022 11:42:00,500
16,04/10/2022 11:53:00,21198
82,04/10/2022 11:54:00,6000
987,04/10/2022 12:40:00,6400
417,04/10/2022 12:44:00,11000
987,04/10/2022 13:15:00,3000
497,04/10/2022 13:19:00,13569
518,04/10/2022 13:30:00,5300
190,04/10/2022 13:31:00,6992
618,04/10/2022 13:39:00,8000
598,04/10/2022 13:55:00,11500
157,04/10/2022 13:58:00,2000
164,04/10/2022 14:03:00,7800
471,04/10/2022 14:05:00,36462
812,04/10/2022 14:05:00,2000
978,04/10/2022 14:10:00,27700
907,04/10/2022 14:13:00,2892
292,04/10/2022 14:38:00,6843
212,04/10/2022 14:38:00,155382
313,04/10/2022 14:43:00,3000
822,04/10/2022 14:54:00,5973
251,04/10/2022 15:05:00,10000
889,04/10/2022 15:16:00,4400
137,04/10/2022 15:17:00,15000
47,04/10/2022 15:19:00,1770
47,04/10/2022 15:26:00,1569
850,04/10/2022 15:26:00,20000
9,04/10/2022 15:27:00,19880
587,04/10/2022 15:48:00,150000
934,04/10/2022 15:58:00,500
888,04/10/2022 15:59:00,3200
565,04/10/2022 16:03:00,270
289,04/10/2022 16:15:00,14000
829,04/10/2022 16:20:00,5000
634,04/10/2022 16:28:00,284444
456,04/10/2022 17:12:00,65000
907,04/10/2022 17:22:00,1401
829,04/10/2022 17:25:00,5000
502,04/10/2022 17:29:00,10100
797,04/10/2022 17:34:00,2500
11,04/10/2022 18:40:00,4000
855,04/10/2022 18:49:00,5000
258,04/10/2022 19:31:00,5000
934,04/10/2022 19:38:00,500
146,04/10/2022 19:55:00,100000
707,04/10/2022 19:57:00,160000
852,04/10/2022 20:07:00,8207
478,04/10/2022 20:35:00,1409
795,04/10/2022 20:48:00,500
82,04/10/2022 20:50:00,19000
352,04/10/2022 21:07:00,89259
795,04/10/2022 21:21:00,1500
437,04/10/2022 21:29:00,47147
352,04/10/2022 22:01:00,30000
740,04/10/2022 22:33:00,280000
2,04/10/2022 22:42:00,19000
760,04/10/2022 22:51:00,4951
688,04/10/2022 23:14:00,36671
196,04/10/2022 23:31:00,35000
920,04/10/2022 23:52:00,10900
64,04/10/2022 23:55:00,3000
107,05/10/2022 00:05:00,3000
516,05/10/2022 00:14:00,3000
417,05/10/2022 00:26:00,2700
16,05/10/2022 00:32:00,6233
598,05/10/2022 01:30:00,3200
182,05/10/2022 01:33:00,26725
980,05/10/2022 01:40:00,600
421,05/10/2022 01:49:00,15000
663,05/10/2022 01:53:00,6484
845,05/10/2022 01:54:00,20000
912,05/10/2022 01:58:00,700
852,05/10/2022 02:03:00,5362
850,05/10/2022 02:15:00,1800
855,05/10/2022 02:26:00,5000
421,05/10/2022 02:34:00,8400
25,05/10/2022 02:36:00,7500
273,05/10/2022 03:00:00,5000
309,05/10/2022 03:03:00,8000
628,05/10/2022 03:16:00,6500
365,05/10/2022 03:17:00,100000
292,05/10/2022 03:36:00,10149
33,05/10/2022 03:49:00,1000
795,05/10/2022 03:50:00,1300
142,05/10/2022 03:53:00,45500
196,05/10/2022 04:17:00,45000
162,05/10/2022 04:17:00,130000
898,05/10/2022 04:37:00,6511
852,05/10/2022 04:47:00,2367
412,05/10/2022 04:50:00,3500
856,05/10/2022 05:10:00,15000
18,05/10/2022 05:12:00,4000
107,05/10/2022 05:24:00,9000
421,05/10/2022 05:51:00,5100
795,05/10/2022 06:28:00,7984
829,05/10/2022 06:48:00,14000
927,05/10/2022 06:59:00,9999
47,05/10/2022 07:28:00,2459
909,05/10/2022 07:47:00,20860
884,05/10/2022 07:57:00,4800
634,05/10/2022 07:58:00,264565
164,05/10/2022 08:23:00,5000
649,05/10/2022 08:26:00,1000
936,05/10/2022 08:29:00,3558
587,05/10/2022 08:50:00,280000
502,05/10/2022 08:52:00,12826
523,05/10/2022 09:08:00,25000
162,05/10/2022 09:12:00,140000
985,05/10/2022 09:16:00,1000
2,05/10/2022 09:30:00,36000
934,05/10/2022 09:32:00,600
763,05/10/2022 09:38:00,9600
888,05/10/2022 10:39:00,4000
190,05/10/2022 11:07:00,8000
648,05/10/2022 11:10:00,13000
801,05/10/2022 11:18:00,7500
850,05/10/2022 11:46:00,11777
316,05/10/2022 11:53:00,2700
302,05/10/2022 12:12:00,2665
566,05/10/2022 12:30:00,3000
878,05/10/2022 12:35:00,9494
854,05/10/2022 13:03:00,1050
421,05/10/2022 13:19:00,11900
141,05/10/2022 13:33:00,25000
448,05/10/2022 13:39:00,7000
559,05/10/2022 13:52:00,5990
710,05/10/2022 13:57:00,43000
137,05/10/2022 13:58:00,5000
357,05/10/2022 14:06:00,5371
9,05/10/2022 14:08:00,19925
421,05/10/2022 14:13:00,14600
289,05/10/2022 14:23:00,5000
130,05/10/2022 15:08:00,25200
852,05/10/2022 15:11:00,4807
517,05/10/2022 15:26:00,11000
817,05/10/2022 15:33:00,8000
927,05/10/2022 15:51:00,8000
795,05/10/2022 16:03:00,4000
649,05/10/2022 16:17:00,340
168,05/10/2022 16:30:00,5500
553,05/10/2022 16:42:00,3000
946,05/10/2022 17:06:00,48000
377,05/10/2022 17:07:00,5000
790,05/10/2022 17:21:00,3000
634,05/10/2022 17:21:00,173621
828,05/10/2022 17:41:00,9999
967,05/10/2022 17:54:00,5000
31,05/10/2022 18:06:00,3000
815,05/10/2022 18:19:00,17200
140,05/10/2022 18:39:00,8000
547,05/10/2022 18:46:00,20000
32,05/10/2022 18:53:00,5491
759,05/10/2022 18:58:00,4000
157,05/10/2022 19:12:00,26666
659,05/10/2022 19:13:00,15000
229,05/10/2022 19:50:00,1565
795,05/10/2022 19:53:00,2500
777,05/10/2022 19:54:00,16000
972,05/10/2022 20:02:00,3300
47,05/10/2022 20:20:00,2300
246,05/10/2022 21:34:00,9000
107,05/10/2022 21:35:00,1600
536,05/10/2022 21:56:00,4056
829,05/10/2022 22:16:00,12000
164,05/10/2022 22:24:00,3500
920,05/10/2022 22:36:00,38300
845,05/10/2022 22:38:00,38000
47,05/10/2022 22:55:00,1900
365,05/10/2022 23:12:00,52841
941,05/10/2022 23:14:00,4021
184,05/10/2022 23:18:00,7022
365,05/10/2022 23:23:00,48130
920,05/10/2022 23:26:00,58100
112,05/10/2022 23:43:00,53266
662,05/10/2022 23:46:00,3948
523,05/10/2022 23:56:00,19949
829,06/10/2022,21000
442,06/10/2022 00:20:00,25000
553,06/10/2022 00:34:00,4000
31,06/10/2022 00:37:00,4000
713,06/10/2022 00:39:00,5000
60,06/10/2022 00:47:00,5000
852,06/10/2022 00:53:00,5843
971,06/10/2022 01:09:00,3433
59,06/10/2022 01:14:00,13067
212,06/10/2022 01:24:00,97000
688,06/10/2022 01:46:00,47800
884,06/10/2022 01:56:00,360
517,06/10/2022 02:01:00,12016
474,06/10/2022 02:31:00,9000
142,06/10/2022 02:36:00,32000
11,06/10/2022 02:45:00,6000
627,06/10/2022 02:50:00,5000
902,06/10/2022 03:07:00,5000
664,06/10/2022 03:09:00,200
272,06/10/2022 03:23:00,13500
47,06/10/2022 03:32:00,1800
699,06/10/2022 03:33:00,20000
553,06/10/2022 03:44:00,5000
372,06/10/2022 03:51:00,10000
766,06/10/2022 03:54:00,6500
380,06/10/2022 04:03:00,1600
634,06/10/2022 04:34:00,134675
565,06/10/2022 05:05:00,2300
788,06/10/2022 05:09:00,7602
202,06/10/2022 05:40:00,33000
978,06/10/2022 05:45:00,5001
168,06/10/2022 05:58:00,2200
845,06/10/2022 06:14:00,27000
289,06/10/2022 06:20:00,10000
292,06/10/2022 06:25:00,3325
318,06/10/2022 07:21:00,1000
515,06/10/2022 07:41:00,40000
162,06/10/2022 07:42:00,150000
790,06/10/2022 07:51:00,4000
55,06/10/2022 08:11:00,2000
380,06/10/2022 08:29:00,400
164,06/10/2022 08:40:00,4000
691,06/10/2022 08:45:00,5600
653,06/10/2022 08:51:00,24150
691,06/10/2022 09:31:00,3500
754,06/10/2022 09:56:00,1032
365,06/10/2022 10:01:00,48679
422,06/10/2022 10:04:00,30000
185,06/10/2022 10:24:00,8602
907,06/10/2022 10:28:00,2910
518,06/10/2022 11:01:00,6000
415,06/10/2022 11:09:00,92718
417,06/10/2022 11:11:00,15000
548,06/10/2022 11:18:00,100
164,06/10/2022 11:41:00,5278
809,06/10/2022 12:09:00,12000
488,06/10/2022 12:13:00,21900
797,06/10/2022 12:28:00,2500
318,06/10/2022 12:34:00,1000
47,06/10/2022 12:51:00,3000
112,06/10/2022 13:32:00,1900
508,06/10/2022 13:37:00,24000
60,06/10/2022 13:46:00,7000
39,06/10/2022 14:24:00,14000
672,06/10/2022 14:32:00,82500
944,06/10/2022 14:41:00,600
421,06/10/2022 14:46:00,20000
309,06/10/2022 14:51:00,7000
330,06/10/2022 15:07:00,5000
588,06/10/2022 15:33:00,15000
796,06/10/2022 16:08:00,6000
900,06/10/2022 16:10:00,9000
852,06/10/2022 16:17:00,7200
850,06/10/2022 16:21:00,15000
518,06/10/2022 16:31:00,1260
518,06/10/2022 17:02:00,260
832,06/10/2022 17:28:00,4370
941,06/10/2022 17:43:00,65000
355,06/10/2022 17:46:00,15000
99,06/10/2022 17:48:00,30656
342,06/10/2022 17:52:00,9900
516,06/10/2022 17:53:00,11000
654,06/10/2022 18:01:00,188
114,06/10/2022 18:06:00,7500
694,06/10/2022 18:14:00,11981
946,06/10/2022 18:18:00,7000
949,06/10/2022 18:27:00,51000
16,06/10/2022 18:28:00,7598
474,06/10/2022 18:31:00,14000
934,06/10/2022 18:32:00,1500
36,06/10/2022 18:36:00,11000
796,06/10/2022 19:12:00,10000
920,06/10/2022 19:13:00,24200
185,06/10/2022 19:23:00,604
371,06/10/2022 19:27:00,9900
934,06/10/2022 20:10:00,1000
648,06/10/2022 20:25:00,719
272,06/10/2022 21:02:00,3000
421,06/10/2022 21:14:00,12000
82,06/10/2022 21:33:00,1100
31,06/10/2022 21:46:00,1500
125,06/10/2022 21:59:00,500
945,06/10/2022 22:14:00,20000
473,06/10/2022 22:15:00,5000
597,06/10/2022 22:31:00,18375
27,06/10/2022 22:38:00,173581
246,06/10/2022 23:10:00,7000
944,06/10/2022 23:30:00,500
855,06/10/2022 23:46:00,5000
204,06/10/2022 23:50:00,7745
93,07/10/2022 00:03:00,3019
927,07/10/2022 00:19:00,7000
50,07/10/2022 00:22:00,2000
580,07/10/2022 00:28:00,3878
713,07/10/2022 00:45:00,10000
157,07/10/2022 01:49:00,35555
187,07/10/2022 02:09:00,680
829,07/10/2022 02:15:00,23000
854,07/10/2022 02:27:00,4457
435,07/10/2022 02:36:00,1300
407,07/10/2022 02:45:00,7500
967,07/10/2022 02:57:00,14478
130,07/10/2022 02:58:00,210000
11,07/10/2022 03:13:00,2000
93,07/10/2022 03:17:00,8043
684,07/10/2022 03:25:00,1000
795,07/10/2022 03:36:00,9000
992,07/10/2022 03:58:00,15000
530,07/10/2022 03:59:00,2500
412,07/10/2022 04:02:00,1700
646,07/10/2022 04:13:00,9668
31,07/10/2022 04:29:00,3100
390,07/10/2022 04:33:00,3000
63,07/10/2022 04:34:00,12000
78,07/10/2022 04:46:00,11000
515,07/10/2022 04:47:00,100000
497,07/10/2022 04:55:00,10698
565,07/10/2022 04:56:00,20000
583,07/10/2022 05:32:00,20000
565,07/10/2022 05:44:00,1500
185,07/10/2022 06:15:00,2000
517,07/10/2022 06:33:00,9269
200,07/10/2022 06:52:00,35000
949,07/10/2022 07:05:00,25000
167,07/10/2022 07:17:00,3500
518,07/10/2022 07:19:00,5700
289,07/10/2022 07:29:00,8000
157,07/10/2022 07:53:00,33333
944,07/10/2022 08:21:00,500
909,07/10/2022 08:25:00,25000
980,07/10/2022 08:27:00,1100
112,07/10/2022 09:32:00,400
157,07/10/2022 09:35:00,15555
850,07/10/2022 10:21:00,2372
664,07/10/2022 10:23:00,9500
164,07/10/2022 10:56:00,4240
496,07/10/2022 11:03:00,8261
321,07/10/2022 11:22:00,1000
64,07/10/2022 11:24:00,4800
309,07/10/2022 11:56:00,6000
471,07/10/2022 12:03:00,26000
474,07/10/2022 12:07:00,10000
855,07/10/2022 12:08:00,5000
464,07/10/2022 12:10:00,108961
64,07/10/2022 12:31:00,4900
795,07/10/2022 12:46:00,1500
907,07/10/2022 13:19:00,1050
900,07/10/2022 14:03:00,1500
185,07/10/2022 14:14:00,2505
850,07/10/2022 14:42:00,5000
639,07/10/2022 14:59:00,100000
407,07/10/2022 15:05:00,5000
78,07/10/2022 15:29:00,49000
944,07/10/2022 16:05:00,1100
164,07/10/2022 16:15:00,5300
850,07/10/2022 16:20:00,25965
547,07/10/2022 16:59:00,7966
47,07/10/2022 17:02:00,2336
602,07/10/2022 17:21:00,67707
114,07/10/2022 17:22:00,3000
518,07/10/2022 17:39:00,5000
157,07/10/2022 17:39:00,27777
625,07/10/2022 17:51:00,20000
60,07/10/2022 17:56:00,8500
336,07/10/2022 19:08:00,15000
130,07/10/2022 19:32:00,60000
175,07/10/2022 19:34:00,80000
548,07/10/2022 19:45:00,500
541,07/10/2022 20:03:00,9800
930,07/10/2022 20:32:00,7500
972,07/10/2022 20:35:00,1000
31,07/10/2022 20:43:00,2837
106,07/10/2022 20:47:00,3000
93,07/10/2022 21:02:00,15900
795,07/10/2022 21:16:00,2000
776,07/10/2022 21:26:00,9000
31,07/10/2022 21:48:00,300
852,07/10/2022 21:58:00,4599
474,07/10/2022 22:36:00,39000
421,07/10/2022 22:53:00,14800
989,07/10/2022 22:57:00,120000
518,07/10/2022 23:14:00,1500
587,07/10/2022 23:24:00,90000
796,07/10/2022 23:42:00,10000
968,07/10/2022 23:54:00,3000
723,08/10/2022 00:13:00,3350
97,08/10/2022 00:17:00,8000
763,08/10/2022 00:30:00,2753
352,08/10/2022 00:54:00,109259
5,08/10/2022 00:59:00,3500
505,08/10/2022 01:09:00,123
508,08/10/2022 01:11:00,25000
562,08/10/2022 01:25:00,10000
93,08/10/2022 01:26:00,26000
365,08/10/2022 01:27:00,21525
11,08/10/2022 01:59:00,4000
407,08/10/2022 02:06:00,4000
663,08/10/2022 02:18:00,25097
407,08/10/2022 02:47:00,20000
788,08/10/2022 03:00:00,35848
369,08/10/2022 03:25:00,259666
972,08/10/2022 03:32:00,1100
922,08/10/2022 03:33:00,10000
518,08/10/2022 03:41:00,1420
157,08/10/2022 04:03:00,18888
421,08/10/2022 04:23:00,10000
254,08/10/2022 04:32:00,3000
5,08/10/2022 04:45:00,10000
421,08/10/2022 04:46:00,6500
586,08/10/2022 05:03:00,9500
836,08/10/2022 05:04:00,10000
99,08/10/2022 05:09:00,447723
440,08/10/2022 05:10:00,1200
836,08/10/2022 05:39:00,20000
934,08/10/2022 05:48:00,1000
567,08/10/2022 06:18:00,7995
454,08/10/2022 06:22:00,10000
82,08/10/2022 06:30:00,900
547,08/10/2022 07:15:00,27000
989,08/10/2022 07:27:00,35000
967,08/10/2022 07:33:00,8800
324,08/10/2022 08:00:00,3800
849,08/10/2022 08:15:00,5346
518,08/10/2022 08:28:00,360
202,08/10/2022 08:43:00,6500
790,08/10/2022 08:52:00,3900
790,08/10/2022 08:55:00,9800
272,08/10/2022 08:58:00,23530
474,08/10/2022 08:59:00,6000
196,08/10/2022 09:02:00,10000
380,08/10/2022 09:03:00,7000
795,08/10/2022 09:20:00,4000
754,08/10/2022 09:22:00,3474
190,08/10/2022 09:37:00,3000
18,08/10/2022 10:14:00,1000
672,08/10/2022 10:27:00,18750
920,08/10/2022 10:34:00,56600
162,08/10/2022 10:45:00,90000
967,08/10/2022 10:46:00,39000
962,08/10/2022 10:57:00,20790
421,08/10/2022 11:10:00,17500
836,08/10/2022 11:36:00,5000
978,08/10/2022 11:43:00,500
137,08/10/2022 11:58:00,22000
47,08/10/2022 12:10:00,4500
344,08/10/2022 13:13:00,160000
989,08/10/2022 13:17:00,16000
18,08/10/2022 13:19:00,4000
418,08/10/2022 13:21:00,20000
438,08/10/2022 13:29:00,594851
82,08/10/2022 13:29:00,2600
222,08/10/2022 13:39:00,30692
829,08/10/2022 13:51:00,7000
289,08/10/2022 13:57:00,6000
47,08/10/2022 14:11:00,2386
140,08/10/2022 14:16:00,3000
421,08/10/2022 14:33:00,21000
82,08/10/2022 14:54:00,39650
922,08/10/2022 15:01:00,50000
836,08/10/2022 15:04:00,6000
47,08/10/2022 15:26:00,1000
153,08/10/2022 16:03:00,6000
261,08/10/2022 16:06:00,2500
47,08/10/2022 16:16:00,3137
292,08/10/2022 16:21:00,7500
944,08/10/2022 16:23:00,1000
78,08/10/2022 16:27:00,8600
637,08/10/2022 16:43:00,14000
980,08/10/2022 16:49:00,650
182,08/10/2022 16:49:00,5618
78,08/10/2022 16:52:00,57500
852,08/10/2022 17:04:00,15050
836,08/10/2022 17:34:00,15000
47,08/10/2022 18:17:00,6000
509,08/10/2022 18:23:00,10000
763,08/10/2022 19:07:00,1561
930,08/10/2022 19:26:00,50000
190,08/10/2022 20:07:00,4979
78,08/10/2022 20:08:00,25000
930,08/10/2022 20:22:00,30000
829,08/10/2022 20:26:00,9000
980,08/10/2022 20:42:00,4500
449,08/10/2022 20:54:00,30476
850,08/10/2022 20:55:00,5623
190,08/10/2022 21:09:00,278
16,08/10/2022 21:11:00,3738
508,08/10/2022 21:14:00,35000
2,08/10/2022 21:15:00,13000
208,08/10/2022 21:46:00,10000
157,08/10/2022 21:55:00,11111
440,08/10/2022 22:32:00,2000
751,08/10/2022 22:56:00,3850
558,08/10/2022 23:00:00,582
710,08/10/2022 23:08:00,29500
625,08/10/2022 23:11:00,11422
663,08/10/2022 23:49:00,4635
547,08/10/2022 23:55:00,6771
922,08/10/2022 23:58:00,20000
202,08/10/2022 23:59:00,19195
920,09/10/2022 00:27:00,5200
476,09/10/2022 00:30:00,35000
186,09/10/2022 00:42:00,5000
541,09/10/2022 00:57:00,1000
763,09/10/2022 00:58:00,3500
634,09/10/2022 00:58:00,288756
435,09/10/2022 01:00:00,2100
855,09/10/2022 01:08:00,5000
547,09/10/2022 01:37:00,36921
824,09/10/2022 01:50:00,3500
786,09/10/2022 02:06:00,67000
788,09/10/2022 02:07:00,27797
884,09/10/2022 02:20:00,53500
421,09/10/2022 03:00:00,6200
549,09/10/2022 03:03:00,13213
804,09/10/2022 03:23:00,250
688,09/10/2022 03:31:00,57093
819,09/10/2022 03:35:00,5500
745,09/10/2022 03:43:00,118000
114,09/10/2022 03:54:00,25000
378,09/10/2022 04:06:00,3000
412,09/10/2022 04:14:00,4200
934,09/10/2022 04:30:00,500
888,09/10/2022 04:49:00,975
502,09/10/2022 04:53:00,7300
31,09/10/2022 05:11:00,1822
2,09/10/2022 05:23:00,11400
852,09/10/2022 05:26:00,873
440,09/10/2022 05:37:00,5000
245,09/10/2022 05:44:00,126000
502,09/10/2022 05:50:00,6000
336,09/10/2022 06:10:00,33545
784,09/10/2022 06:14:00,1500
828,09/10/2022 06:16:00,6000
625,09/10/2022 06:37:00,16406
47,09/10/2022 06:48:00,2300
731,09/10/2022 07:09:00,10000
39,09/10/2022 07:23:00,15817
845,09/10/2022 07:28:00,21000
972,09/10/2022 07:55:00,500
16,09/10/2022 07:56:00,5191
226,09/10/2022 08:02:00,412
11,09/10/2022 08:47:00,6500
852,09/10/2022 08:53:00,13150
421,09/10/2022 09:07:00,22100
785,09/10/2022 09:14:00,153000
296,09/10/2022 09:47:00,11900
889,09/10/2022 09:48:00,5000
202,09/10/2022 09:51:00,15000
845,09/10/2022 10:02:00,23190
187,09/10/2022 10:02:00,10000
980,09/10/2022 10:06:00,2600
442,09/10/2022 10:39:00,21308
836,09/10/2022 10:41:00,10000
435,09/10/2022 10:58:00,500
664,09/10/2022 11:22:00,4500
5,09/10/2022 11:22:00,1500
114,09/10/2022 11:30:00,10000
795,09/10/2022 11:35:00,2500
159,09/10/2022 11:39:00,15000
294,09/10/2022 11:42:00,128872
565,09/10/2022 12:04:00,1500
464,09/10/2022 12:17:00,144162
267,09/10/2022 12:19:00,12021
980,09/10/2022 12:28:00,1050
78,09/10/2022 12:29:00,52500
82,09/10/2022 12:36:00,10000
18,09/10/2022 13:05:00,1000
633,09/10/2022 13:31:00,5098
824,09/10/2022 13:32:00,4600
412,09/10/2022 13:35:00,2000
972,09/10/2022 13:49:00,1800
146,09/10/2022 13:56:00,17500
786,09/10/2022 14:20:00,80760
944,09/10/2022 14:23:00,1000
470,09/10/2022 14:30:00,3541
920,09/10/2022 14:31:00,18900
850,09/10/2022 14:33:00,16276
637,09/10/2022 14:47:00,13500
448,09/10/2022 14:49:00,16000
97,09/10/2022 14:52:00,21000
168,09/10/2022 14:55:00,1700
946,09/10/2022 15:04:00,18000
480,09/10/2022 15:10:00,4330
162,09/10/2022 15:19:00,75000
384,09/10/2022 15:25:00,3500
471,09/10/2022 15:37:00,36000
415,09/10/2022 16:04:00,700000
71,09/10/2022 16:33:00,500
795,09/10/2022 16:45:00,2000
731,09/10/2022 16:50:00,12000
972,09/10/2022 16:57:00,500
693,09/10/2022 17:22:00,42527
805,09/10/2022 17:24:00,468
421,09/10/2022 17:36:00,27500
667,09/10/2022 18:19:00,6072
829,09/10/2022 18:24:00,11000
164,09/10/2022 18:25:00,4900
745,09/10/2022 18:56:00,6000
421,09/10/2022 18:56:00,3200
125,09/10/2022 18:58:00,700
754,09/10/2022 19:17:00,14922
373,09/10/2022 19:28:00,10100
659,09/10/2022 19:48:00,5000
309,09/10/2022 19:52:00,4000
75,09/10/2022 19:57:00,5000
477,09/10/2022 19:59:00,20000
16,09/10/2022 20:10:00,10200
12,09/10/2022 20:17:00,480
125,09/10/2022 20:53:00,500
157,09/10/2022 21:01:00,1100
82,09/10/2022 21:07:00,24000
16,09/10/2022 21:08:00,5000
666,09/10/2022 21:19:00,3000
112,09/10/2022 21:32:00,33896
836,09/10/2022 21:33:00,20000
448,09/10/2022 21:38:00,13600
916,09/10/2022 21:44:00,1944
989,09/10/2022 21:55:00,95000
190,09/10/2022 21:57:00,7256
796,09/10/2022 22:07:00,5000
934,09/10/2022 22:08:00,1000
167,09/10/2022 22:31:00,3000
836,09/10/2022 22:34:00,8000
408,09/10/2022 22:39:00,19000
47,09/10/2022 22:41:00,1990
262,09/10/2022 22:56:00,500
852,09/10/2022 23:19:00,6150
985,09/10/2022 23:41:00,5000
852,09/10/2022 23:49:00,1445
581,09/10/2022 23:55:00,12646
407,09/10/2022 23:56:00,4000
60,10/10/2022 00:23:00,10000
167,10/10/2022 00:46:00,3499
936,10/10/2022 00:47:00,4974
795,10/10/2022 00:59:00,1000
5,10/10/2022 00:59:00,4200
421,10/10/2022 01:21:00,15100
634,10/10/2022 01:22:00,259116
922,10/10/2022 01:40:00,60000
790,10/10/2022 01:50:00,4500
164,10/10/2022 01:54:00,1400
421,10/10/2022 02:00:00,5700
390,10/10/2022 02:07:00,20000
422,10/10/2022 02:16:00,14800
856,10/10/2022 02:22:00,21000
97,10/10/2022 02:27:00,4000
12,10/10/2022 02:43:00,805
47,10/10/2022 02:47:00,2000
157,10/10/2022 02:52:00,22222
749,10/10/2022 02:55:00,10000
634,10/10/2022 02:56:00,199043
821,10/10/2022 02:58:00,3000
987,10/10/2022 03:13:00,4000
922,10/10/2022 03:42:00,20000
448,10/10/2022 04:08:00,37000
502,10/10/2022 04:11:00,6114
422,10/10/2022 04:19:00,10000
912,10/10/2022 04:19:00,688
829,10/10/2022 04:19:00,11000
183,10/10/2022 04:24:00,9092
836,10/10/2022 04:38:00,10000
852,10/10/2022 05:17:00,1603
828,10/10/2022 05:24:00,8999
352,10/10/2022 05:30:00,12000
653,10/10/2022 05:41:00,38750
649,10/10/2022 05:51:00,1000
760,10/10/2022 05:53:00,8400
852,10/10/2022 05:55:00,2892
934,10/10/2022 06:09:00,1500
208,10/10/2022 06:16:00,10928
412,10/10/2022 06:34:00,1400
365,10/10/2022 07:13:00,52818
748,10/10/2022 07:13:00,40000
47,10/10/2022 07:30:00,1111
634,10/10/2022 07:41:00,306329
536,10/10/2022 07:44:00,1100
796,10/10/2022 07:44:00,14000
601,10/10/2022 08:03:00,240000
804,10/10/2022 08:05:00,7394
344,10/10/2022 08:09:00,150000
852,10/10/2022 08:22:00,7150
421,10/10/2022 08:23:00,20500
377,10/10/2022 08:27:00,15000
11,10/10/2022 08:30:00,5000
397,10/10/2022 08:50:00,1500
802,10/10/2022 09:00:00,39000
509,10/10/2022 09:21:00,5000
448,10/10/2022 09:38:00,38200
625,10/10/2022 09:50:00,30000
407,10/10/2022 10:18:00,2600
47,10/10/2022 10:19:00,3000
536,10/10/2022 10:19:00,4300
754,10/10/2022 10:30:00,686
790,10/10/2022 10:31:00,4300
464,10/10/2022 10:36:00,13000
553,10/10/2022 10:53:00,6000
612,10/10/2022 10:57:00,10000
187,10/10/2022 11:03:00,100
521,10/10/2022 11:07:00,7500
74,10/10/2022 11:07:00,9889
723,10/10/2022 11:16:00,4600
795,10/10/2022 11:26:00,5000
226,10/10/2022 11:38:00,1259
604,10/10/2022 11:51:00,5000
920,10/10/2022 12:16:00,110950
159,10/10/2022 12:48:00,8528
157,10/10/2022 13:03:00,21111
497,10/10/2022 13:07:00,15793
666,10/10/2022 13:32:00,2000
826,10/10/2022 13:55:00,369
112,10/10/2022 14:02:00,2116
351,10/10/2022 14:47:00,7104
980,10/10/2022 14:55:00,5000
440,10/10/2022 15:06:00,2200
60,10/10/2022 15:15:00,7000
927,10/10/2022 15:19:00,9500
637,10/10/2022 15:43:00,12000
483,10/10/2022 15:43:00,2903
508,10/10/2022 15:58:00,50000
474,10/10/2022 16:05:00,4000
691,10/10/2022 16:10:00,910
547,10/10/2022 16:13:00,4000
541,10/10/2022 16:32:00,1000
162,10/10/2022 16:35:00,90000
244,10/10/2022 16:38:00,4000
915,10/10/2022 16:56:00,45000
125,10/10/2022 17:11:00,1000
565,10/10/2022 17:18:00,650
377,10/10/2022 17:23:00,15000
162,10/10/2022 17:39:00,50000
907,10/10/2022 18:02:00,1258
16,10/10/2022 18:09:00,7500
261,10/10/2022 18:22:00,2500
497,10/10/2022 18:28:00,17374
64,10/10/2022 18:40:00,2000
185,10/10/2022 18:42:00,1023
796,10/10/2022 19:01:00,7000
390,10/10/2022 19:19:00,19000
422,10/10/2022 19:21:00,10000
548,10/10/2022 19:28:00,1000
33,10/10/2022 19:30:00,7000
654,10/10/2022 19:30:00,5210
972,10/10/2022 19:30:00,500
78,10/10/2022 19:32:00,25000
2,10/10/2022 19:38:00,42000
93,10/10/2022 20:02:00,10100
142,10/10/2022 20:13:00,42500
663,10/10/2022 20:19:00,2471
657,10/10/2022 20:29:00,8400
852,10/10/2022 20:34:00,8700
565,10/10/2022 20:36:00,20000
751,10/10/2022 20:36:00,1003
47,10/10/2022 20:45:00,5900
565,10/10/2022 20:52:00,2000
637,10/10/2022 20:53:00,10500
344,10/10/2022 20:56:00,60000
852,10/10/2022 21:00:00,3902
518,10/10/2022 21:56:00,6400
187,10/10/2022 21:57:00,416
114,10/10/2022 22:05:00,7000
634,10/10/2022 22:19:00,268398
318,10/10/2022 22:38:00,4000
460,10/10/2022 22:38:00,138000
660,10/10/2022 22:51:00,1000
185,10/10/2022 23:08:00,1402
148,10/10/2022 23:09:00,15000
201,10/10/2022 23:10:00,13275
380,10/10/2022 23:20:00,7000
548,10/10/2022 23:48:00,700
353,11/10/2022 00:03:00,4285
407,11/10/2022 00:11:00,15000
194,11/10/2022 00:14:00,15000
583,11/10/2022 00:28:00,4000
699,11/10/2022 00:46:00,2000
763,11/10/2022 01:15:00,1500
162,11/10/2022 01:46:00,95000
162,11/10/2022 02:02:00,115000
861,11/10/2022 02:26:00,90000
518,11/10/2022 02:29:00,1400
654,11/10/2022 02:44:00,311
82,11/10/2022 03:01:00,23500
99,11/10/2022 03:03:00,320263
587,11/10/2022 03:14:00,160000
263,11/10/2022 03:35:00,9899
11,11/10/2022 03:45:00,3000
920,11/10/2022 03:49:00,44300
754,11/10/2022 04:01:00,3545
663,11/10/2022 04:44:00,3977
795,11/10/2022 04:47:00,2000
972,11/10/2022 05:15:00,5500
625,11/10/2022 05:29:00,39000
649,11/10/2022 05:43:00,1500
104,11/10/2022 05:50:00,6000
634,11/10/2022 05:57:00,267362
599,11/10/2022 05:58:00,8800
931,11/10/2022 06:03:00,20000
50,11/10/2022 06:08:00,3000
634,11/10/2022 06:27:00,272398
725,11/10/2022 06:32:00,20000
132,11/10/2022 06:42:00,11083
373,11/10/2022 06:57:00,7500
518,11/10/2022 07:11:00,125
574,11/10/2022 07:48:00,11600
421,11/10/2022 07:51:00,5100
415,11/10/2022 08:07:00,68361
980,11/10/2022 08:07:00,5000
365,11/10/2022 08:28:00,30464
907,11/10/2022 08:50:00,336
517,11/10/2022 08:54:00,10769
773,11/10/2022 09:27:00,8594
559,11/10/2022 09:36:00,80000
218,11/10/2022 09:43:00,25000
796,11/10/2022 09:44:00,11500
60,11/10/2022 09:58:00,20000
47,11/10/2022 10:03:00,8100
822,11/10/2022 10:04:00,12225
314,11/10/2022 10:14:00,5000
82,11/10/2022 10:50:00,1700
628,11/10/2022 11:04:00,9999
401,11/10/2022 11:09:00,8000
234,11/10/2022 11:09:00,4200
421,11/10/2022 11:35:00,10000
797,11/10/2022 11:47:00,4000
39,11/10/2022 11:51:00,40000
222,11/10/2022 12:17:00,8034
944,11/10/2022 12:18:00,1600
164,11/10/2022 12:41:00,110
987,11/10/2022 12:42:00,10000
663,11/10/2022 13:02:00,6536
795,11/10/2022 13:07:00,6000
162,11/10/2022 13:23:00,105000
377,11/10/2022 13:24:00,3850
980,11/10/2022 14:13:00,2250
78,11/10/2022 14:23:00,18900
542,11/10/2022 14:31:00,150
653,11/10/2022 14:36:00,21000
907,11/10/2022 14:42:00,1834
471,11/10/2022 14:54:00,9404
784,11/10/2022 15:14:00,6000
628,11/10/2022 15:29:00,4167
922,11/10/2022 15:56:00,2000
193,11/10/2022 16:09:00,40000
985,11/10/2022 16:19:00,4000
299,11/10/2022 16:27:00,4000
843,11/10/2022 16:28:00,2000
565,11/10/2022 16:34:00,125
474,11/10/2022 16:56:00,41000
60,11/10/2022 17:03:00,13000
194,11/10/2022 17:14:00,20000
856,11/10/2022 17:32:00,10000
672,11/10/2022 17:49:00,22500
133,11/10/2022 17:50:00,6000
204,11/10/2022 17:52:00,4997
421,11/10/2022 18:20:00,6600
309,11/10/2022 18:30:00,3000
907,11/10/2022 19:03:00,1886
980,11/10/2022 19:15:00,4300
836,11/10/2022 19:17:00,15000
581,11/10/2022 19:22:00,54285
760,11/10/2022 19:24:00,12250
580,11/10/2022 19:43:00,8225
31,11/10/2022 19:59:00,943
972,11/10/2022 20:19:00,1000
2,11/10/2022 20:23:00,120000
39,11/10/2022 20:33:00,15500
663,11/10/2022 20:36:00,11717
196,11/10/2022 21:10:00,15000
411,11/10/2022 21:11:00,290000
422,11/10/2022 21:29:00,5000
12,11/10/2022 21:31:00,650
559,11/10/2022 21:48:00,3000
47,11/10/2022 21:50:00,2633
944,11/10/2022 22:11:00,1500
962,11/10/2022 22:19:00,8945
179,11/10/2022 22:39:00,70000
32,11/10/2022 22:41:00,300
618,11/10/2022 22:47:00,15000
819,11/10/2022 22:56:00,11000
936,11/10/2022 23:14:00,5206
157,11/10/2022 23:18:00,24444
51,11/10/2022 23:28:00,17900
502,11/10/2022 23:32:00,6050
920,12/10/2022 00:23:00,9500
518,12/10/2022 00:24:00,100
850,12/10/2022 00:34:00,35000
448,12/10/2022 00:46:00,39000
16,12/10/2022 00:48:00,11365
493,12/10/2022 00:52:00,68500
240,12/10/2022 01:03:00,4000
11,12/10/2022 01:07:00,2500
99,12/10/2022 01:23:00,462661
654,12/10/2022 01:51:00,7881
47,12/10/2022 01:55:00,1882
795,12/10/2022 01:59:00,2600
313,12/10/2022 02:05:00,3000
77,12/10/2022 02:10:00,15000
663,12/10/2022 02:20:00,23980
183,12/10/2022 02:59:00,11000
164,12/10/2022 03:05:00,5200
634,12/10/2022 03:10:00,163124
653,12/10/2022 03:10:00,17000
936,12/10/2022 03:25:00,15230
888,12/10/2022 03:28:00,1899
934,12/10/2022 03:41:00,2000
515,12/10/2022 03:49:00,85000
898,12/10/2022 04:01:00,3876
836,12/10/2022 04:14:00,30000
819,12/10/2022 04:40:00,1000
934,12/10/2022 05:10:00,1000
754,12/10/2022 05:28:00,13128
633,12/10/2022 05:50:00,5000
461,12/10/2022 06:33:00,6000
64,12/10/2022 06:36:00,1600
762,12/10/2022 06:42:00,9000
786,12/10/2022 07:13:00,140000
786,12/10/2022 07:29:00,80000
731,12/10/2022 07:35:00,10000
31,12/10/2022 07:38:00,1200
826,12/10/2022 07:54:00,2528
565,12/10/2022 07:57:00,600
922,12/10/2022 08:03:00,20000
174,12/10/2022 08:13:00,4797
518,12/10/2022 08:18:00,500
902,12/10/2022 08:23:00,7000
753,12/10/2022 08:32:00,10000
245,12/10/2022 08:36:00,58000
739,12/10/2022 09:14:00,23500
245,12/10/2022 09:18:00,100000
412,12/10/2022 09:24:00,2300
852,12/10/2022 09:27:00,5650
828,12/10/2022 09:34:00,9499
740,12/10/2022 09:35:00,1200
390,12/10/2022 09:36:00,5000
907,12/10/2022 09:43:00,1884
754,12/10/2022 09:44:00,24558
333,12/10/2022 09:51:00,4450
421,12/10/2022 10:13:00,4600
336,12/10/2022 10:14:00,15000
829,12/10/2022 10:19:00,27000
292,12/10/2022 10:25:00,2943
795,12/10/2022 10:39:00,4000
162,12/10/2022 10:42:00,100000
445,12/10/2022 10:55:00,6054
435,12/10/2022 11:54:00,1400
448,12/10/2022 12:14:00,20000
133,12/10/2022 12:25:00,6800
47,12/10/2022 12:42:00,1320
934,12/10/2022 12:43:00,1000
667,12/10/2022 13:16:00,3291
373,12/10/2022 13:18:00,20000
979,12/10/2022 13:27:00,10000
980,12/10/2022 13:32:00,5900
854,12/10/2022 13:33:00,2457
31,12/10/2022 13:40:00,1300
164,12/10/2022 13:53:00,5016
322,12/10/2022 13:54:00,9150
435,12/10/2022 14:07:00,1200
468,12/10/2022 14:08:00,14000
264,12/10/2022 14:18:00,5000
850,12/10/2022 14:22:00,2000
790,12/10/2022 14:28:00,5500
936,12/10/2022 14:33:00,5533
788,12/10/2022 14:52:00,9144
190,12/10/2022 15:24:00,10452
653,12/10/2022 15:26:00,29000
786,12/10/2022 16:02:00,80000
47,12/10/2022 16:17:00,9462
805,12/10/2022 16:41:00,3000
47,12/10/2022 16:47:00,6000
597,12/10/2022 16:48:00,1975
949,12/10/2022 17:00:00,65000
508,12/10/2022 17:02:00,12000
885,12/10/2022 17:12:00,9500
754,12/10/2022 17:24:00,14090
936,12/10/2022 17:25:00,8756
836,12/10/2022 18:01:00,15000
517,12/10/2022 18:09:00,12016
670,12/10/2022 18:28:00,3000
445,12/10/2022 18:38:00,6800
421,12/10/2022 18:39:00,20000
296,12/10/2022 18:44:00,7500
796,12/10/2022 18:57:00,3000
137,12/10/2022 18:58:00,10000
5,12/10/2022 19:09:00,1500
915,12/10/2022 19:51:00,20000
934,12/10/2022 19:56:00,1500
9,12/10/2022 19:57:00,10640
78,12/10/2022 20:18:00,27000
634,12/10/2022 20:46:00,293907
980,12/10/2022 20:48:00,600
78,12/10/2022 20:50:00,10000
816,12/10/2022 20:56:00,19000
992,12/10/2022 21:00:00,109688
888,12/10/2022 21:16:00,7000
114,12/10/2022 21:17:00,10000
785,12/10/2022 21:53:00,155000
408,12/10/2022 22:09:00,25000
625,12/10/2022 23:03:00,15000
795,12/10/2022 23:17:00,1500
633,13-10-2022 00:21,17000
913,13-10-2022 00:44,30014
380,13-10-2022 00:55,5000
412,13-10-2022 00:58,4000
139,13-10-2022 01:06,8000
167,13-10-2022 01:18,2000
365,13-10-2022 01:30,47016
748,13-10-2022 01:35,20000
412,13-10-2022 01:49,2700
682,13-10-2022 01:50,121000
422,13-10-2022 01:51,10000
536,13-10-2022 02:00,3800
47,13-10-2022 03:29,3555
190,13-10-2022 03:39,9000
213,13-10-2022 03:46,7400
972,13-10-2022 03:53,600
383,13-10-2022 04:04,5000
920,13-10-2022 04:09,4000
258,13-10-2022 04:09,4000
518,13-10-2022 04:12,1400
992,13-10-2022 04:28,25000
190,13-10-2022 04:51,8040
60,13-10-2022 06:03,8000
922,13-10-2022 06:11,4000
634,13-10-2022 06:21,278369
850,13-10-2022 06:40,19000
825,13-10-2022 06:45,1450
634,13-10-2022 06:47,129233
852,13-10-2022 07:00,2720
208,13-10-2022 07:04,175000
691,13-10-2022 07:14,500
912,13-10-2022 07:22,1354
972,13-10-2022 07:23,1100
784,13-10-2022 07:27,1200
559,13-10-2022 07:33,20000
788,13-10-2022 07:51,30000
502,13-10-2022 08:03,15532
474,13-10-2022 08:16,4000
920,13-10-2022 08:26,52450
920,13-10-2022 08:52,11700
843,13-10-2022 08:58,12000
666,13-10-2022 09:01,2000
78,13-10-2022 09:14,59000
137,13-10-2022 09:27,25000
889,13-10-2022 09:27,4000
691,13-10-2022 09:37,2500
612,13-10-2022 09:56,7175
45,13-10-2022 09:56,26000
194,13-10-2022 09:58,15000
742,13-10-2022 10:05,32000
308,13-10-2022 10:13,10000
612,13-10-2022 10:15,10000
99,13-10-2022 10:32,25452
309,13-10-2022 10:37,3000
985,13-10-2022 10:39,18000
168,13-10-2022 10:51,20000
980,13-10-2022 10:52,850
296,13-10-2022 11:45,12232
164,13-10-2022 11:51,4500
538,13-10-2022 11:58,8558
889,13-10-2022 12:25,7500
31,13-10-2022 12:45,4000
93,13-10-2022 13:09,18000
615,13-10-2022 13:20,1000
615,13-10-2022 13:35,1000
841,13-10-2022 13:47,6000
667,13-10-2022 14:01,3026
884,13-10-2022 14:05,58400
273,13-10-2022 14:16,8839
980,13-10-2022 14:36,3000
944,13-10-2022 14:46,1000
852,13-10-2022 14:56,6150
749,13-10-2022 14:58,20000
421,13-10-2022 14:59,8200
47,13-10-2022 15:46,7000
78,13-10-2022 15:55,10000
142,13-10-2022 16:03,43400
208,13-10-2022 16:07,10000
518,13-10-2022 16:18,1828
59,13-10-2022 16:20,7423
827,13-10-2022 16:30,2000
536,13-10-2022 16:41,4120
164,13-10-2022 16:50,5000
190,13-10-2022 16:56,4000
365,13-10-2022 17:15,12522
194,13-10-2022 17:43,10000
78,13-10-2022 18:02,20000
989,13-10-2022 18:14,16000
521,13-10-2022 18:15,10000
449,13-10-2022 19:11,16159
809,13-10-2022 19:14,2500
93,13-10-2022 19:20,77000
716,13-10-2022 19:22,6000
553,13-10-2022 19:50,9000
264,13-10-2022 19:51,3500
699,13-10-2022 19:59,6500
898,13-10-2022 20:10,3844
852,13-10-2022 20:12,8850
518,13-10-2022 20:20,3000
509,13-10-2022 20:20,3449
760,13-10-2022 20:21,22000
637,13-10-2022 20:29,5000
888,13-10-2022 20:30,1075
836,13-10-2022 20:39,20000
342,13-10-2022 20:51,4000
567,13-10-2022 21:02,4266
468,13-10-2022 21:03,5000
157,13-10-2022 21:28,17777
537,13-10-2022 21:51,40000
740,13-10-2022 21:58,47380
907,13-10-2022 22:01,1784
45,13-10-2022 22:11,5000
390,13-10-2022 22:13,22000
845,13-10-2022 22:16,39740
992,13-10-2022 22:29,80000
790,13-10-2022 22:36,3700
634,13-10-2022 22:38,285394
164,13-10-2022 23:04,4950
946,13-10-2022 23:27,35000
74,13-10-2022 23:34,1200
82,13-10-2022 23:39,66000
657,14-10-2022 00:10,3595
351,14-10-2022 00:39,2317
370,14-10-2022 00:40,20000
421,14-10-2022 00:52,37100
422,14-10-2022 00:57,1000
625,14-10-2022 01:09,8000
884,14-10-2022 01:18,62500
637,14-10-2022 01:25,8000
82,14-10-2022 02:16,24000
82,14-10-2022 02:25,23200
246,14-10-2022 02:31,11000
412,14-10-2022 02:45,2000
296,14-10-2022 03:07,20000
200,14-10-2022 03:08,10000
441,14-10-2022 03:11,11000
19,14-10-2022 03:14,16000
852,14-10-2022 03:20,3769
920,14-10-2022 03:28,4300
836,14-10-2022 03:31,10000
564,14-10-2022 03:49,10843
78,14-10-2022 03:50,32000
82,14-10-2022 03:52,6000
47,14-10-2022 03:56,3555
850,14-10-2022 03:57,2500
168,14-10-2022 04:05,8000
164,14-10-2022 04:29,1815
972,14-10-2022 04:56,2000
915,14-10-2022 05:22,50000
380,14-10-2022 05:23,5000
369,14-10-2022 05:27,32000
845,14-10-2022 05:33,36000
47,14-10-2022 05:37,2700
335,14-10-2022 05:46,20000
763,14-10-2022 06:01,4200
11,14-10-2022 06:19,6000
637,14-10-2022 06:34,3400
927,14-10-2022 06:42,9999
292,14-10-2022 06:47,5893
852,14-10-2022 07:00,2144
99,14-10-2022 07:01,66151
45,14-10-2022 07:02,16000
673,14-10-2022 07:06,300
497,14-10-2022 07:31,16671
634,14-10-2022 07:55,100000
2,14-10-2022 08:00,46689
185,14-10-2022 08:03,1000
920,14-10-2022 08:13,16000
145,14-10-2022 08:45,24000
106,14-10-2022 08:51,5500
852,14-10-2022 08:58,5050
246,14-10-2022 09:07,3000
843,14-10-2022 09:13,12000
318,14-10-2022 09:17,1500
740,14-10-2022 09:36,25000
137,14-10-2022 09:37,30000
822,14-10-2022 09:51,6265
31,14-10-2022 10:08,4663
654,14-10-2022 10:12,8255
840,14-10-2022 10:20,18500
464,14-10-2022 11:07,116790
795,14-10-2022 11:08,4000
795,14-10-2022 11:09,500
179,14-10-2022 11:10,5000
508,14-10-2022 11:12,30000
353,14-10-2022 11:13,2000
234,14-10-2022 11:22,3000
518,14-10-2022 11:36,1550
663,14-10-2022 11:44,12023
634,14-10-2022 11:54,202296
412,14-10-2022 12:02,4300
934,14-10-2022 12:15,500
852,14-10-2022 12:17,6200
888,14-10-2022 13:09,5799
973,14-10-2022 13:12,25000
441,14-10-2022 13:33,12000
373,14-10-2022 13:51,30000
200,14-10-2022 14:03,92000
64,14-10-2022 14:19,6100
625,14-10-2022 15:10,20800
153,14-10-2022 15:33,5000
985,14-10-2022 16:20,13000
688,14-10-2022 16:22,52860
365,14-10-2022 16:52,11649
12,14-10-2022 16:56,2010
141,14-10-2022 17:09,34877
201,14-10-2022 17:29,999
565,14-10-2022 18:41,4188
72,14-10-2022 18:42,3000
47,14-10-2022 18:46,7700
309,14-10-2022 18:48,6000
555,14-10-2022 19:48,11000
980,14-10-2022 19:55,4200
365,14-10-2022 20:07,24791
93,14-10-2022 20:24,31000
654,14-10-2022 20:28,6518
852,14-10-2022 20:39,5350
571,14-10-2022 20:48,7398
85,14-10-2022 20:56,7250
139,14-10-2022 21:04,11000
468,14-10-2022 21:13,5000
599,14-10-2022 21:31,15000
985,14-10-2022 21:35,15000
403,14-10-2022 21:45,15000
790,14-10-2022 22:16,2400
795,14-10-2022 22:19,1000
659,14-10-2022 22:34,4000
763,14-10-2022 22:41,2000
272,14-10-2022 23:43,24133
342,15-10-2022 00:08,9000
790,15-10-2022 00:09,7200
540,15-10-2022 00:40,33069
854,15-10-2022 00:46,18000
47,15-10-2022 01:06,1800
792,15-10-2022 01:06,10000
795,15-10-2022 01:15,8000
852,15-10-2022 01:26,5200
508,15-10-2022 01:33,10000
99,15-10-2022 01:53,240324
309,15-10-2022 01:53,4500
78,15-10-2022 02:01,20000
577,15-10-2022 02:01,19895
884,15-10-2022 02:03,62000
309,15-10-2022 02:12,3000
599,15-10-2022 02:26,9350
599,15-10-2022 02:50,7670
980,15-10-2022 02:51,2300
421,15-10-2022 03:22,23600
888,15-10-2022 03:22,2300
45,15-10-2022 03:25,15000
31,15-10-2022 03:34,3200
453,15-10-2022 03:39,5448
989,15-10-2022 03:47,95000
920,15-10-2022 03:56,31200
978,15-10-2022 04:03,28001
920,15-10-2022 04:10,90350
9,15-10-2022 04:17,15580
11,15-10-2022 04:31,7000
16,15-10-2022 04:46,10000
920,15-10-2022 04:51,4400
289,15-10-2022 04:54,5000
517,15-10-2022 04:57,7000
676,15-10-2022 05:04,9000
47,15-10-2022 05:07,4255
920,15-10-2022 05:12,6600
187,15-10-2022 05:17,3000
246,15-10-2022 05:23,11500
548,15-10-2022 05:28,2200
435,15-10-2022 06:07,1000
634,15-10-2022 06:08,289124
296,15-10-2022 06:41,235
417,15-10-2022 06:50,4000
796,15-10-2022 06:53,6000
912,15-10-2022 07:01,460
532,15-10-2022 07:03,9999
888,15-10-2022 07:20,2106
739,15-10-2022 07:27,55000
795,15-10-2022 07:32,12000
845,15-10-2022 07:37,23670
159,15-10-2022 07:48,10000
691,15-10-2022 08:02,5000
726,15-10-2022 08:13,6000
944,15-10-2022 08:17,700
146,15-10-2022 08:30,10000
850,15-10-2022 08:54,2000
518,15-10-2022 09:08,5000
934,15-10-2022 09:34,900
488,15-10-2022 09:54,30000
797,15-10-2022 10:01,4000
851,15-10-2022 10:06,8900
987,15-10-2022 10:43,6500
829,15-10-2022 10:56,5000
179,15-10-2022 11:31,12000
765,15-10-2022 12:21,15000
829,15-10-2022 12:40,30000
318,15-10-2022 13:13,4000
967,15-10-2022 13:55,4276
978,15-10-2022 14:08,23500
754,15-10-2022 14:09,495
270,15-10-2022 14:13,250
467,15-10-2022 14:39,28000
2,15-10-2022 14:45,110000
540,15-10-2022 14:46,150500
597,15-10-2022 14:55,1411
372,15-10-2022 14:56,4000
200,15-10-2022 15:28,421000
934,15-10-2022 15:29,1500
164,15-10-2022 16:01,5000
634,15-10-2022 16:09,326204
369,15-10-2022 16:11,200343
292,15-10-2022 16:39,3850
201,15-10-2022 16:47,10025
483,15-10-2022 16:59,3897
845,15-10-2022 17:18,18670
717,15-10-2022 17:26,18000
916,15-10-2022 17:33,3392
2,15-10-2022 17:38,2762
574,15-10-2022 17:50,21500
238,15-10-2022 18:00,85000
509,15-10-2022 18:12,6000
691,15-10-2022 18:32,5150
677,15-10-2022 18:35,5000
185,15-10-2022 18:36,2000
873,15-10-2022 18:37,2000
318,15-10-2022 18:44,1000
78,15-10-2022 19:03,32000
754,15-10-2022 19:22,9703
824,15-10-2022 19:47,6000
421,15-10-2022 19:54,6900
5,15-10-2022 20:03,1500
82,15-10-2022 20:12,37120
164,15-10-2022 20:39,9100
60,15-10-2022 21:09,3000
509,15-10-2022 21:12,7000
309,15-10-2022 21:40,9700
927,15-10-2022 21:53,5100
763,15-10-2022 21:56,642
571,15-10-2022 22:05,9300
380,15-10-2022 22:16,500
792,15-10-2022 22:39,2511
548,15-10-2022 23:02,1000
47,15-10-2022 23:38,4099
187,15-10-2022 23:41,12000
377,15-10-2022 23:43,7000
164,15-10-2022 23:44,5200
440,15-10-2022 23:54,8600
272,15-10-2022 23:55,6334
37,16-10-2022 00:46,3021
602,16-10-2022 00:48,34046
439,16-10-2022 00:54,72972
856,16-10-2022 00:57,30000
421,16-10-2022 01:18,10000
412,16-10-2022 01:47,2000
472,16-10-2022 01:51,200
985,16-10-2022 01:53,15000
142,16-10-2022 02:02,18000
565,16-10-2022 02:26,1878
164,16-10-2022 02:49,5700
880,16-10-2022 02:53,40000
850,16-10-2022 03:06,9777
82,16-10-2022 03:23,23320
142,16-10-2022 03:24,11600
586,16-10-2022 03:59,7500
989,16-10-2022 04:09,10000
912,16-10-2022 04:19,1706
422,16-10-2022 04:30,4800
59,16-10-2022 04:47,8000
989,16-10-2022 04:52,95000
508,16-10-2022 04:54,10000
185,16-10-2022 04:58,3399
927,16-10-2022 05:16,3754
182,16-10-2022 05:53,31540
654,16-10-2022 05:58,820
407,16-10-2022 06:19,3700
158,16-10-2022 06:44,10000
611,16-10-2022 06:46,4400
78,16-10-2022 06:48,51000
912,16-10-2022 07:05,793
380,16-10-2022 07:13,12000
851,16-10-2022 07:22,21000
941,16-10-2022 07:26,9611
93,16-10-2022 07:29,25000
47,16-10-2022 07:30,2186
257,16-10-2022 07:36,35000
934,16-10-2022 08:15,500
72,16-10-2022 08:21,2791
245,16-10-2022 08:48,100000
786,16-10-2022 09:00,90000
570,16-10-2022 09:00,19000
190,16-10-2022 09:56,13000
258,16-10-2022 10:02,3000
421,16-10-2022 10:03,7700
122,16-10-2022 10:14,5000
978,16-10-2022 10:20,14004
985,16-10-2022 10:38,4000
927,16-10-2022 10:50,7500
283,16-10-2022 10:59,6500
107,16-10-2022 11:35,11000
82,16-10-2022 12:24,11610
884,16-10-2022 12:30,20000
125,16-10-2022 12:30,100
497,16-10-2022 12:33,20000
16,16-10-2022 12:36,6595
786,16-10-2022 12:47,120000
947,16-10-2022 12:55,10000
852,16-10-2022 12:59,903
82,16-10-2022 13:11,19000
509,16-10-2022 13:19,13849
634,16-10-2022 13:34,298311
790,16-10-2022 13:46,5800
565,16-10-2022 13:46,4536
289,16-10-2022 13:49,40000
861,16-10-2022 13:52,40000
365,16-10-2022 14:01,30000
804,16-10-2022 14:35,7133
82,16-10-2022 14:37,5700
567,16-10-2022 14:45,6421
657,16-10-2022 15:15,3690
186,16-10-2022 15:27,5000
82,16-10-2022 15:48,38800
980,16-10-2022 16:21,400
987,16-10-2022 16:23,4000
407,16-10-2022 16:41,3000
972,16-10-2022 16:43,1600
204,16-10-2022 16:51,7189
618,16-10-2022 16:58,15500
407,16-10-2022 17:06,5000
884,16-10-2022 17:40,13965
47,16-10-2022 17:40,542
532,16-10-2022 17:59,9999
468,16-10-2022 18:09,7500
196,16-10-2022 18:19,45000
471,16-10-2022 19:17,21774
920,16-10-2022 19:27,30750
795,16-10-2022 19:44,3022
296,16-10-2022 20:20,11156
946,16-10-2022 20:20,42000
421,16-10-2022 20:25,1700
422,16-10-2022 20:47,15000
762,16-10-2022 20:59,9988
16,16-10-2022 21:11,24710
377,16-10-2022 21:13,16963
663,16-10-2022 22:46,1040
754,16-10-2022 22:47,21297
795,16-10-2022 22:52,7900
201,16-10-2022 22:59,12730
407,16-10-2022 23:06,2300
157,16-10-2022 23:28,2000
164,16-10-2022 23:38,5272
133,16-10-2022 23:47,8000
175,16-10-2022 23:59,80000
273,17-10-2022 00:19,12000
934,17-10-2022 00:27,1000
648,17-10-2022 00:31,5500
836,17-10-2022 00:52,5000
907,17-10-2022 00:53,1902
850,17-10-2022 00:55,19000
31,17-10-2022 01:30,2500
850,17-10-2022 01:32,4000
797,17-10-2022 01:38,7000
428,17-10-2022 01:39,2900
142,17-10-2022 01:42,32400
920,17-10-2022 02:00,96500
807,17-10-2022 02:04,5000
502,17-10-2022 02:07,350
409,17-10-2022 02:12,3783
365,17-10-2022 02:50,15571
342,17-10-2022 02:52,9900
238,17-10-2022 02:56,30000
502,17-10-2022 03:23,11000
47,17-10-2022 03:26,1850
515,17-10-2022 03:39,125000
888,17-10-2022 04:15,1538
740,17-10-2022 04:18,1400
137,17-10-2022 04:21,20000
688,17-10-2022 04:24,59727
60,17-10-2022 04:29,5500
716,17-10-2022 04:58,1000
509,17-10-2022 05:13,17976
852,17-10-2022 05:17,1528
31,17-10-2022 05:59,300
786,17-10-2022 06:08,61200
502,17-10-2022 06:17,11397
980,17-10-2022 06:34,5700
2,17-10-2022 07:12,27000
554,17-10-2022 07:25,9000
270,17-10-2022 07:35,30429
187,17-10-2022 07:46,9700
934,17-10-2022 07:46,1500
164,17-10-2022 08:01,4700
612,17-10-2022 08:37,30000
625,17-10-2022 08:53,12142
31,17-10-2022 09:00,795
967,17-10-2022 09:03,10025
318,17-10-2022 09:23,1500
888,17-10-2022 09:29,875
754,17-10-2022 09:31,536
273,17-10-2022 09:42,2500
625,17-10-2022 10:28,21000
667,17-10-2022 10:43,1578
866,17-10-2022 11:08,9842
936,17-10-2022 11:25,19262
625,17-10-2022 11:29,17500
125,17-10-2022 11:30,250
372,17-10-2022 11:47,36000
941,17-10-2022 11:52,15000
202,17-10-2022 12:02,45000
190,17-10-2022 12:03,8252
654,17-10-2022 12:18,2679
208,17-10-2022 13:16,165000
194,17-10-2022 13:24,20000
299,17-10-2022 13:37,6000
82,17-10-2022 13:40,12330
296,17-10-2022 13:49,4000
407,17-10-2022 13:58,1000
31,17-10-2022 13:58,4000
474,17-10-2022 14:30,16000
518,17-10-2022 14:41,1200
920,17-10-2022 14:54,36500
508,17-10-2022 15:12,20000
615,17-10-2022 15:28,1254
825,17-10-2022 15:31,2100
16,17-10-2022 15:37,10000
565,17-10-2022 15:39,2650
795,17-10-2022 15:59,8000
187,17-10-2022 16:13,10000
518,17-10-2022 16:32,7200
558,17-10-2022 16:49,2582
987,17-10-2022 16:55,5000
536,17-10-2022 17:23,3713
518,17-10-2022 17:24,6000
565,17-10-2022 17:47,4945
987,17-10-2022 17:55,10500
795,17-10-2022 18:25,2267
536,17-10-2022 18:32,564
365,17-10-2022 18:47,183400
241,17-10-2022 18:51,3000
162,17-10-2022 18:56,76000
540,17-10-2022 18:58,10000
943,17-10-2022 19:12,7432
20,17-10-2022 19:23,10000
378,17-10-2022 19:37,5000
740,17-10-2022 19:41,8808
273,17-10-2022 19:50,3500
448,17-10-2022 20:15,6200
667,17-10-2022 20:29,9137
920,17-10-2022 20:35,30850
668,17-10-2022 20:40,55000
457,17-10-2022 20:47,2153
441,17-10-2022 21:23,15000
369,17-10-2022 21:56,150000
107,17-10-2022 22:06,2000
400,17-10-2022 22:14,90000
477,17-10-2022 22:19,2000
663,17-10-2022 22:52,2221
980,17-10-2022 22:52,900
97,17-10-2022 22:55,5000
82,17-10-2022 23:38,25000
448,17-10-2022 23:54,4000
441,18-10-2022 00:19,10000
634,18-10-2022 00:20,316251
193,18-10-2022 00:20,57000
16,18-10-2022 00:46,17949
47,18-10-2022 00:49,1611
78,18-10-2022 01:37,15000
93,18-10-2022 01:56,30000
487,18-10-2022 02:14,24000
258,18-10-2022 02:22,3700
980,18-10-2022 02:44,2800
421,18-10-2022 02:49,13100
502,18-10-2022 03:00,5335
688,18-10-2022 03:07,47400
553,18-10-2022 03:11,8500
296,18-10-2022 03:46,6500
473,18-10-2022 03:50,2000
417,18-10-2022 04:00,5650
450,18-10-2022 04:29,36000
602,18-10-2022 04:39,17091
836,18-10-2022 04:41,15000
45,18-10-2022 05:03,4000
634,18-10-2022 05:08,228369
377,18-10-2022 05:24,20826
233,18-10-2022 05:37,23400
565,18-10-2022 05:45,17000
421,18-10-2022 06:40,40000
657,18-10-2022 06:53,1939
612,18-10-2022 07:08,4000
946,18-10-2022 07:11,10000
927,18-10-2022 07:21,9999
16,18-10-2022 07:27,16000
296,18-10-2022 07:32,13032
691,18-10-2022 07:35,510
532,18-10-2022 07:41,4000
296,18-10-2022 07:55,12156
407,18-10-2022 08:01,9000
460,18-10-2022 08:03,67000
890,18-10-2022 08:04,12000
817,18-10-2022 08:19,4000
31,18-10-2022 08:24,3200
824,18-10-2022 08:36,3000
102,18-10-2022 08:55,6000
445,18-10-2022 08:58,4900
97,18-10-2022 09:28,6000
518,18-10-2022 09:40,1900
381,18-10-2022 10:03,2000
45,18-10-2022 10:10,16000
245,18-10-2022 10:22,150000
389,18-10-2022 10:25,37500
162,18-10-2022 10:53,130000
82,18-10-2022 12:03,600
751,18-10-2022 12:05,10950
850,18-10-2022 12:40,17000
572,18-10-2022 12:59,2700
133,18-10-2022 13:07,5000
344,18-10-2022 13:10,120000
341,18-10-2022 13:13,5500
337,18-10-2022 13:17,7302
289,18-10-2022 13:20,10000
907,18-10-2022 13:28,2608
852,18-10-2022 13:33,873
420,18-10-2022 13:36,1000
242,18-10-2022 13:54,42634
517,18-10-2022 14:10,12000
289,18-10-2022 14:21,17000
909,18-10-2022 14:27,3200
985,18-10-2022 14:28,22000
888,18-10-2022 14:37,257
190,18-10-2022 14:42,13031
47,18-10-2022 14:45,6000
934,18-10-2022 14:54,1000
888,18-10-2022 14:54,520
852,18-10-2022 15:24,610
637,18-10-2022 15:28,7000
762,18-10-2022 15:32,12694
987,18-10-2022 15:59,2400
852,18-10-2022 16:03,3750
500,18-10-2022 16:06,3000
64,18-10-2022 16:13,4600
78,18-10-2022 16:24,40000
393,18-10-2022 16:56,4000
550,18-10-2022 17:11,5000
721,18-10-2022 17:14,8000
852,18-10-2022 17:45,3363
415,18-10-2022 17:48,18361
518,18-10-2022 17:54,1000
517,18-10-2022 18:02,10000
634,18-10-2022 18:45,150374
852,18-10-2022 19:17,3397
922,18-10-2022 19:47,40000
5,18-10-2022 19:52,1500
679,18-10-2022 20:01,11000
179,18-10-2022 20:05,10000
625,18-10-2022 20:16,10000
920,18-10-2022 20:21,93500
16,18-10-2022 20:21,15799
344,18-10-2022 20:25,90000
852,18-10-2022 20:30,2448
373,18-10-2022 20:36,5900
852,18-10-2022 20:39,1751
915,18-10-2022 20:59,50000
471,18-10-2022 21:23,30000
474,18-10-2022 21:27,6000
845,18-10-2022 21:29,30000
39,18-10-2022 21:39,14377
920,18-10-2022 21:41,20300
448,18-10-2022 21:43,8800
985,18-10-2022 21:48,13000
962,18-10-2022 21:49,12697
931,18-10-2022 21:55,13950
784,18-10-2022 22:22,2000
16,18-10-2022 22:29,9000
464,18-10-2022 23:17,78000
167,18-10-2022 23:34,3000
448,18-10-2022 23:41,5799
82,18-10-2022 23:42,16500
30,18-10-2022 23:49,152145
473,19-10-2022 00:15,3000
978,19-10-2022 00:19,52001
852,19-10-2022 00:28,3841
415,19-10-2022 00:46,804021
941,19-10-2022 00:55,19000
989,19-10-2022 01:14,125000
922,19-10-2022 01:51,30000
530,19-10-2022 01:53,21000
536,19-10-2022 02:42,4400
421,19-10-2022 02:51,10000
337,19-10-2022 02:51,7102
752,19-10-2022 02:58,5000
625,19-10-2022 02:59,10000
987,19-10-2022 03:16,7900
921,19-10-2022 03:19,100000
168,19-10-2022 04:03,9500
760,19-10-2022 04:11,49613
421,19-10-2022 04:17,20000
852,19-10-2022 04:21,7650
663,19-10-2022 04:31,13213
850,19-10-2022 04:34,13000
944,19-10-2022 05:05,1100
435,19-10-2022 05:10,1100
412,19-10-2022 05:35,4000
663,19-10-2022 05:35,106
107,19-10-2022 05:37,3000
114,19-10-2022 05:42,17000
989,19-10-2022 05:56,10000
93,19-10-2022 05:57,3000
471,19-10-2022 06:01,10207
751,19-10-2022 06:13,9500
775,19-10-2022 06:17,5000
413,19-10-2022 06:18,1500
137,19-10-2022 06:43,10000
992,19-10-2022 06:44,99990
474,19-10-2022 06:53,20000
637,19-10-2022 07:10,8500
107,19-10-2022 07:16,17500
901,19-10-2022 07:23,83000
412,19-10-2022 07:23,800
852,19-10-2022 07:36,2005
663,19-10-2022 07:38,977
920,19-10-2022 07:41,38000
628,19-10-2022 07:43,9700
407,19-10-2022 07:45,5200
283,19-10-2022 07:52,9900
852,19-10-2022 08:28,2603
980,19-10-2022 08:37,800
11,19-10-2022 09:00,1000
487,19-10-2022 09:02,27000
238,19-10-2022 09:06,105000
140,19-10-2022 09:09,20000
841,19-10-2022 09:13,1500
795,19-10-2022 09:48,9000
962,19-10-2022 10:25,22665
142,19-10-2022 11:06,48500
294,19-10-2022 11:07,58426
691,19-10-2022 11:10,1600
45,19-10-2022 11:33,31000
47,19-10-2022 11:44,1179
620,19-10-2022 12:51,6000
945,19-10-2022 12:52,28000
634,19-10-2022 13:08,283494
185,19-10-2022 14:05,1000
566,19-10-2022 14:32,2030
164,19-10-2022 14:33,3000
471,19-10-2022 14:41,3082
915,19-10-2022 14:45,30000
130,19-10-2022 15:15,30000
380,19-10-2022 15:18,4000
93,19-10-2022 15:21,23000
296,19-10-2022 15:36,6000
962,19-10-2022 15:47,12874
825,19-10-2022 15:50,1300
107,19-10-2022 15:56,14500
441,19-10-2022 16:27,19000
795,19-10-2022 16:39,8000
688,19-10-2022 16:52,30055
497,19-10-2022 16:53,14584
895,19-10-2022 17:12,3000
473,19-10-2022 17:23,4500
980,19-10-2022 17:27,800
829,19-10-2022 18:00,8000
509,19-10-2022 18:09,3000
344,19-10-2022 18:24,84000
164,19-10-2022 18:38,7500
377,19-10-2022 19:03,6571
23,19-10-2022 19:05,65000
852,19-10-2022 19:09,5850
16,19-10-2022 19:44,3422
754,19-10-2022 19:47,7398
305,19-10-2022 19:52,10000
187,19-10-2022 20:00,100
880,19-10-2022 20:09,15000
580,19-10-2022 20:28,7914
196,19-10-2022 20:29,30000
709,19-10-2022 21:09,18179
941,19-10-2022 21:09,10425
934,19-10-2022 21:12,1000
234,19-10-2022 21:13,2190
185,19-10-2022 21:36,3086
78,19-10-2022 21:59,14000
369,19-10-2022 22:12,127000
373,19-10-2022 22:24,9000
78,19-10-2022 22:29,9000
599,19-10-2022 22:56,12700
497,19-10-2022 23:10,2000
888,19-10-2022 23:23,2200
262,19-10-2022 23:27,500
586,19-10-2022 23:38,10000
162,19-10-2022 23:57,96000
47,19-10-2022 23:58,3500
474,20-10-2022 00:47,10000
657,20-10-2022 00:56,1000
353,20-10-2022 00:58,1715
106,20-10-2022 01:04,4000
625,20-10-2022 01:05,15500
99,20-10-2022 01:09,23527
843,20-10-2022 01:12,11000
941,20-10-2022 01:23,15000
774,20-10-2022 01:23,25000
502,20-10-2022 01:36,4600
187,20-10-2022 01:45,8000
613,20-10-2022 01:52,6735
852,20-10-2022 01:58,6780
309,20-10-2022 02:00,5000
785,20-10-2022 02:26,131000
653,20-10-2022 02:45,24000
888,20-10-2022 02:59,5000
16,20-10-2022 03:04,13566
599,20-10-2022 03:13,22200
292,20-10-2022 03:17,8500
565,20-10-2022 03:25,39231
888,20-10-2022 03:31,1000
502,20-10-2022 03:32,13484
421,20-10-2022 03:42,9600
852,20-10-2022 03:48,1701
59,20-10-2022 04:08,11783
947,20-10-2022 04:16,20000
365,20-10-2022 04:24,20988
344,20-10-2022 04:26,120000
296,20-10-2022 05:06,6000
565,20-10-2022 05:22,30000
989,20-10-2022 05:39,47000
82,20-10-2022 05:54,57000
634,20-10-2022 06:07,216530
985,20-10-2022 06:09,4000
728,20-10-2022 06:20,1800
474,20-10-2022 06:22,6000
47,20-10-2022 06:31,1682
318,20-10-2022 06:40,1500
471,20-10-2022 06:56,76000
980,20-10-2022 07:03,1400
902,20-10-2022 07:21,7000
548,20-10-2022 07:25,600
497,20-10-2022 07:27,13537
880,20-10-2022 07:29,46000
365,20-10-2022 07:43,10815
625,20-10-2022 08:09,19632
885,20-10-2022 08:09,4323
902,20-10-2022 09:18,9500
558,20-10-2022 10:12,2100
245,20-10-2022 10:13,10200
2,20-10-2022 10:16,35000
289,20-10-2022 10:36,10000
985,20-10-2022 11:02,12000
97,20-10-2022 11:03,7000
162,20-10-2022 11:04,70000
439,20-10-2022 11:10,19750
663,20-10-2022 11:27,17429
920,20-10-2022 11:54,50600
114,20-10-2022 11:57,10000
204,20-10-2022 12:19,4338
699,20-10-2022 12:26,3600
421,20-10-2022 13:03,5000
688,20-10-2022 13:20,44300
987,20-10-2022 14:08,2000
795,20-10-2022 14:35,2000
878,20-10-2022 14:46,4797
987,20-10-2022 14:50,7000
784,20-10-2022 14:52,1200
873,20-10-2022 14:53,2860
547,20-10-2022 15:33,30000
972,20-10-2022 15:40,3000
972,20-10-2022 15:41,500
790,20-10-2022 15:41,8000
962,20-10-2022 15:45,9385
616,20-10-2022 15:46,7000
23,20-10-2022 16:16,50000
353,20-10-2022 16:56,12000
920,20-10-2022 17:13,46600
633,20-10-2022 17:19,10000
164,20-10-2022 18:16,8500
559,20-10-2022 18:21,18000
897,20-10-2022 18:38,260000
921,20-10-2022 18:44,500000
159,20-10-2022 18:56,10840
104,20-10-2022 18:57,18000
634,20-10-2022 19:07,173621
59,20-10-2022 19:14,9049
843,20-10-2022 19:33,10000
502,20-10-2022 19:45,7100
421,20-10-2022 19:46,6700
989,20-10-2022 19:52,9000
47,20-10-2022 19:56,5117
888,20-10-2022 20:06,3500
663,20-10-2022 20:34,8122
201,20-10-2022 22:14,1100
509,20-10-2022 23:02,4488
852,20-10-2022 23:07,1234
565,20-10-2022 23:18,2000
941,20-10-2022 23:21,23735
9,20-10-2022 23:25,5540
518,20-10-2022 23:26,170
625,20-10-2022 23:58,15000
565,21-10-2022 00:17,4945
920,21-10-2022 00:18,22000
441,21-10-2022 00:32,24000
112,21-10-2022 00:45,19521
949,21-10-2022 00:57,68671
523,21-10-2022 00:57,19500
471,21-10-2022 01:30,34410
162,21-10-2022 01:46,140000
439,21-10-2022 02:25,12263
446,21-10-2022 02:27,10561
795,21-10-2022 02:54,14000
378,21-10-2022 03:03,2000
125,21-10-2022 03:08,300
412,21-10-2022 03:15,3500
233,21-10-2022 03:20,13000
987,21-10-2022 03:44,7000
992,21-10-2022 04:16,25000
657,21-10-2022 05:05,4200
852,21-10-2022 05:09,4450
2,21-10-2022 05:10,43000
71,21-10-2022 05:16,1100
464,21-10-2022 05:16,10500
193,21-10-2022 05:49,30000
829,21-10-2022 05:54,50000
852,21-10-2022 05:58,3810
615,21-10-2022 06:08,1000
829,21-10-2022 08:18,25000
646,21-10-2022 08:30,32316
978,21-10-2022 08:37,52001
992,21-10-2022 08:41,30000
827,21-10-2022 08:45,100000
912,21-10-2022 08:50,405
907,21-10-2022 09:02,1058
11,21-10-2022 09:11,3500
936,21-10-2022 09:26,11285
310,21-10-2022 09:42,40000
628,21-10-2022 10:25,3758
158,21-10-2022 10:48,15000
655,21-10-2022 10:53,3100
448,21-10-2022 11:01,17600
852,21-10-2022 11:10,7950
158,21-10-2022 11:15,5000
509,21-10-2022 11:17,279
634,21-10-2022 11:26,200000
85,21-10-2022 11:38,15000
365,21-10-2022 11:52,8899
740,21-10-2022 11:53,1500
97,21-10-2022 12:12,6000
637,21-10-2022 12:21,24500
541,21-10-2022 12:29,6000
547,21-10-2022 12:39,6406
473,21-10-2022 12:39,5100
836,21-10-2022 12:54,5000
159,21-10-2022 13:09,3000
114,21-10-2022 13:19,30000
168,21-10-2022 14:09,27000
856,21-10-2022 14:22,15000
856,21-10-2022 14:23,15000
412,21-10-2022 14:30,700
78,21-10-2022 14:31,49000
107,21-10-2022 14:49,5000
142,21-10-2022 14:53,42000
836,21-10-2022 15:23,10000
612,21-10-2022 15:24,5019
16,21-10-2022 15:28,20000
375,21-10-2022 15:28,10000
888,21-10-2022 16:04,1999
936,21-10-2022 16:22,10711
93,21-10-2022 16:24,30000
852,21-10-2022 16:33,4543
518,21-10-2022 16:43,1100
190,21-10-2022 16:58,8000
796,21-10-2022 17:06,10000
666,21-10-2022 17:09,6000
146,21-10-2022 17:34,42000
547,21-10-2022 18:14,3500
421,21-10-2022 18:25,16300
597,21-10-2022 18:39,1700
64,21-10-2022 18:57,3500
971,21-10-2022 19:00,5000
843,21-10-2022 19:30,8000
82,21-10-2022 19:32,25000
187,21-10-2022 19:37,100
967,21-10-2022 19:44,30000
471,21-10-2022 19:56,36000
421,21-10-2022 20:00,23400
754,21-10-2022 20:24,750
106,21-10-2022 20:26,5500
342,21-10-2022 20:43,8000
94,21-10-2022 20:54,10000
167,21-10-2022 21:03,1400
565,21-10-2022 21:11,3150
634,21-10-2022 22:17,200000
47,21-10-2022 22:42,2285
980,21-10-2022 23:07,400
407,21-10-2022 23:47,7500
931,21-10-2022 23:50,10000
634,22-10-2022 00:03,208808
852,22-10-2022 00:17,11200
187,22-10-2022 00:21,2500
508,22-10-2022 01:28,14000
754,22-10-2022 02:10,6000
369,22-10-2022 02:11,258428
980,22-10-2022 02:18,1000
78,22-10-2022 02:33,40000
662,22-10-2022 02:54,4000
920,22-10-2022 02:57,14700
786,22-10-2022 03:12,1500
888,22-10-2022 03:16,2571
184,22-10-2022 03:22,10000
82,22-10-2022 03:39,20000
285,22-10-2022 03:43,90000
37,22-10-2022 04:17,2521
797,22-10-2022 04:21,7000
421,22-10-2022 04:21,28600
16,22-10-2022 04:35,5267
972,22-10-2022 04:41,1201
518,22-10-2022 04:52,4000
779,22-10-2022 05:12,47649
992,22-10-2022 05:16,35000
978,22-10-2022 05:35,2401
133,22-10-2022 05:35,7000
33,22-10-2022 05:59,8000
532,22-10-2022 06:01,2500
107,22-10-2022 06:36,7000
264,22-10-2022 06:40,7200
633,22-10-2022 06:53,19000
190,22-10-2022 06:58,8051
571,22-10-2022 07:23,6600
850,22-10-2022 07:29,18300
663,22-10-2022 08:21,9080
448,22-10-2022 08:22,31200
567,22-10-2022 08:32,8661
536,22-10-2022 08:50,4193
836,22-10-2022 09:11,15000
920,22-10-2022 09:22,1000
795,22-10-2022 09:31,8000
693,22-10-2022 09:50,20000
539,22-10-2022 09:55,107000
383,22-10-2022 09:56,12269
353,22-10-2022 10:20,7500
502,22-10-2022 10:28,6200
852,22-10-2022 11:11,11050
852,22-10-2022 11:14,4950
142,22-10-2022 11:15,36300
78,22-10-2022 11:20,45000
167,22-10-2022 12:01,3000
185,22-10-2022 12:07,2129
634,22-10-2022 12:08,287294
365,22-10-2022 12:18,17544
78,22-10-2022 12:19,42500
202,22-10-2022 12:24,130911
164,22-10-2022 12:27,5000
795,22-10-2022 12:33,4000
76,22-10-2022 12:47,2500
373,22-10-2022 13:08,15000
471,22-10-2022 13:16,35855
766,22-10-2022 13:20,2000
421,22-10-2022 13:32,40000
212,22-10-2022 13:59,319468
753,22-10-2022 14:03,22000
508,22-10-2022 14:04,22000
162,22-10-2022 14:05,100000
153,22-10-2022 14:10,5000
471,22-10-2022 14:10,14157
421,22-10-2022 14:33,34000
412,22-10-2022 14:48,2800
133,22-10-2022 14:50,5000
699,22-10-2022 14:51,6500
852,22-10-2022 14:53,3514
744,22-10-2022 14:57,4179
888,22-10-2022 15:02,9900
185,22-10-2022 15:06,1406
267,22-10-2022 15:14,3000
417,22-10-2022 15:23,7500
559,22-10-2022 15:29,20000
567,22-10-2022 15:46,9200
852,22-10-2022 16:24,1119
790,22-10-2022 16:29,6900
920,22-10-2022 16:31,7000
464,22-10-2022 16:47,128600
261,22-10-2022 16:57,1300
634,22-10-2022 17:11,146238
420,22-10-2022 17:16,1973
502,22-10-2022 17:26,3300
16,22-10-2022 17:44,5700
11,22-10-2022 17:53,5000
11,22-10-2022 17:55,3000
927,22-10-2022 18:07,6808
565,22-10-2022 18:10,2000
912,22-10-2022 18:16,273
597,22-10-2022 18:32,500
202,22-10-2022 19:10,14723
23,22-10-2022 19:11,60000
785,22-10-2022 19:20,265000
773,22-10-2022 19:21,1685
852,22-10-2022 19:41,618
912,22-10-2022 20:04,1627
474,22-10-2022 20:05,10000
16,22-10-2022 20:15,17949
922,22-10-2022 20:16,2000
890,22-10-2022 20:19,28223
946,22-10-2022 20:28,10000
922,22-10-2022 20:44,3000
60,22-10-2022 21:02,4000
728,22-10-2022 21:06,1000
242,22-10-2022 21:31,34743
178,22-10-2022 21:32,28683
972,22-10-2022 21:34,1000
836,22-10-2022 21:41,25000
412,22-10-2022 21:54,1000
448,22-10-2022 22:44,33000
230,22-10-2022 22:45,1500
518,22-10-2022 22:48,800
518,22-10-2022 23:01,1440
238,22-10-2022 23:19,50000
16,22-10-2022 23:24,14000
47,22-10-2022 23:31,1300
187,22-10-2022 23:32,1748
653,22-10-2022 23:40,17980
932,22-10-2022 23:56,7231
93,23-10-2022 00:17,21000
667,23-10-2022 00:29,4472
164,23-10-2022 00:34,5000
82,23-10-2022 00:36,39300
980,23-10-2022 00:37,1200
634,23-10-2022 01:37,227362
936,23-10-2022 02:23,12716
161,23-10-2022 02:28,5500
518,23-10-2022 02:39,2000
142,23-10-2022 02:44,33800
854,23-10-2022 03:00,2000
843,23-10-2022 03:02,12000
273,23-10-2022 03:15,7220
327,23-10-2022 03:23,1000
852,23-10-2022 03:23,2849
941,23-10-2022 03:26,31586
878,23-10-2022 03:54,8861
164,23-10-2022 03:59,2500
440,23-10-2022 04:04,2300
441,23-10-2022 04:06,15000
532,23-10-2022 04:43,7000
852,23-10-2022 04:56,5600
850,23-10-2022 05:20,20633
18,23-10-2022 05:25,2000
772,23-10-2022 05:35,9800
373,23-10-2022 05:48,10000
927,23-10-2022 05:51,5000
178,23-10-2022 06:09,49000
16,23-10-2022 06:19,9003
60,23-10-2022 06:39,15000
564,23-10-2022 06:47,7000
16,23-10-2022 06:50,9999
817,23-10-2022 06:59,900
826,23-10-2022 07:10,25278
2,23-10-2022 07:13,123700
949,23-10-2022 07:21,60000
47,23-10-2022 07:23,4500
962,23-10-2022 07:34,21988
412,23-10-2022 07:52,2200
663,23-10-2022 07:55,7151
653,23-10-2022 08:27,38787
509,23-10-2022 08:34,11000
559,23-10-2022 08:43,5000
417,23-10-2022 09:11,7500
852,23-10-2022 09:12,6000
82,23-10-2022 09:16,10000
663,23-10-2022 09:27,3065
190,23-10-2022 09:32,1178
133,23-10-2022 09:56,4000
262,23-10-2022 10:22,1500
407,23-10-2022 10:36,3000
518,23-10-2022 10:42,5500
920,23-10-2022 10:46,9400
597,23-10-2022 10:54,502
299,23-10-2022 10:54,9000
852,23-10-2022 11:35,180
602,23-10-2022 11:49,38220
421,23-10-2022 11:50,4800
845,23-10-2022 12:19,20670
615,23-10-2022 12:23,1000
421,23-10-2022 12:55,2300
162,23-10-2022 13:12,45000
2,23-10-2022 13:17,47500
985,23-10-2022 13:17,9000
60,23-10-2022 13:27,5500
164,23-10-2022 13:32,8776
934,23-10-2022 13:54,1000
767,23-10-2022 13:58,12000
351,23-10-2022 13:59,3333
972,23-10-2022 14:02,600
637,23-10-2022 14:20,2000
788,23-10-2022 14:23,11932
941,23-10-2022 14:49,925
548,23-10-2022 14:59,300
515,23-10-2022 15:06,35000
474,23-10-2022 15:12,6000
11,23-10-2022 15:27,4500
390,23-10-2022 15:37,20000
836,23-10-2022 15:38,10000
850,23-10-2022 15:45,2150
938,23-10-2022 16:04,5500
226,23-10-2022 16:11,1000
654,23-10-2022 16:25,2062
653,23-10-2022 16:33,20400
204,23-10-2022 16:42,5197
550,23-10-2022 17:12,7500
547,23-10-2022 17:26,5000
164,23-10-2022 17:34,5000
213,23-10-2022 17:46,6300
795,23-10-2022 18:09,11000
18,23-10-2022 18:18,1000
548,23-10-2022 18:42,1400
852,23-10-2022 18:59,13750
863,23-10-2022 19:08,35000
707,23-10-2022 19:12,70000
985,23-10-2022 19:30,500
898,23-10-2022 19:46,5133
407,23-10-2022 20:13,5000
660,23-10-2022 20:31,800
164,23-10-2022 20:32,5250
461,23-10-2022 20:59,6000
927,23-10-2022 21:11,9999
536,23-10-2022 21:18,2967
107,23-10-2022 21:22,7000
934,23-10-2022 21:30,600
152,23-10-2022 21:32,1000
829,23-10-2022 22:00,12000
508,23-10-2022 22:13,20000
448,23-10-2022 22:17,6800
754,23-10-2022 22:28,3183
922,23-10-2022 22:30,12000
369,23-10-2022 22:31,200000
980,23-10-2022 22:37,700
663,23-10-2022 22:44,6512
854,23-10-2022 22:49,2000
927,23-10-2022 23:45,8000
296,24-10-2022 00:03,10000
292,24-10-2022 00:15,7050
157,24-10-2022 00:42,28888
504,24-10-2022 01:02,168000
485,24-10-2022 01:16,10000
377,24-10-2022 01:29,12500
164,24-10-2022 02:27,200
137,24-10-2022 02:34,20000
633,24-10-2022 02:46,15000
179,24-10-2022 02:50,10000
898,24-10-2022 03:23,5699
720,24-10-2022 03:24,1000
16,24-10-2022 03:38,15000
971,24-10-2022 04:02,14500
402,24-10-2022 04:03,20000
78,24-10-2022 04:11,15000
634,24-10-2022 04:31,300265
854,24-10-2022 04:57,5000
449,24-10-2022 04:59,29237
421,24-10-2022 05:00,50000
97,24-10-2022 05:02,6500
790,24-10-2022 05:05,4800
190,24-10-2022 05:19,11460
934,24-10-2022 06:15,500
208,24-10-2022 06:23,27000
980,24-10-2022 06:26,5500
790,24-10-2022 06:34,6300
31,24-10-2022 06:45,2927
972,24-10-2022 06:46,300
971,24-10-2022 07:25,7515
214,24-10-2022 07:38,200000
390,24-10-2022 07:51,1000
179,24-10-2022 08:15,15000
989,24-10-2022 08:24,31000
795,24-10-2022 08:44,10000
817,24-10-2022 09:02,3000
518,24-10-2022 09:33,1240
502,24-10-2022 09:38,5750
968,24-10-2022 10:19,3500
448,24-10-2022 10:40,7500
832,24-10-2022 11:02,4519
920,24-10-2022 11:02,41900
547,24-10-2022 11:05,7610
987,24-10-2022 11:09,5000
240,24-10-2022 11:18,3100
907,24-10-2022 11:28,1308
289,24-10-2022 11:30,15000
736,24-10-2022 11:45,2260
190,24-10-2022 11:49,4245
547,24-10-2022 12:05,33651
634,24-10-2022 12:05,288756
372,24-10-2022 12:13,7500
114,24-10-2022 12:14,5000
502,24-10-2022 12:41,2000
786,24-10-2022 12:54,180000
318,24-10-2022 13:01,1000
158,24-10-2022 13:05,5000
352,24-10-2022 14:01,50000
784,24-10-2022 14:08,3000
554,24-10-2022 14:51,8000
950,24-10-2022 14:52,18750
237,24-10-2022 15:06,70000
370,24-10-2022 15:28,21606
45,24-10-2022 15:46,5000
944,24-10-2022 16:13,1000
473,24-10-2022 16:18,35000
559,24-10-2022 16:50,10000
536,24-10-2022 16:53,3299
565,24-10-2022 17:12,10000
421,24-10-2022 17:24,61800
300,24-10-2022 17:30,45000
448,24-10-2022 18:20,25500
336,24-10-2022 18:24,102813
448,24-10-2022 18:48,10500
962,24-10-2022 18:54,11988
648,24-10-2022 18:59,7500
612,24-10-2022 19:32,40000
285,24-10-2022 19:39,15000
678,24-10-2022 19:47,1100000
292,24-10-2022 19:58,6830
663,24-10-2022 20:04,168
190,24-10-2022 20:08,8254
187,24-10-2022 20:10,1500
634,24-10-2022 20:15,227362
825,24-10-2022 20:19,3000
663,24-10-2022 20:43,2168
351,24-10-2022 20:47,4247
47,24-10-2022 20:51,1000
634,24-10-2022 20:58,297715
927,24-10-2022 21:17,8921
421,24-10-2022 21:18,11400
985,24-10-2022 21:31,7000
11,24-10-2022 21:34,4500
766,24-10-2022 21:40,1500
795,24-10-2022 21:43,2500
407,24-10-2022 21:47,10000
668,24-10-2022 22:04,30000
93,24-10-2022 22:19,27000
944,24-10-2022 22:49,656
137,24-10-2022 23:10,10000
602,24-10-2022 23:11,7500
289,24-10-2022 23:18,10000
463,24-10-2022 23:21,1000
198,24-10-2022 23:24,8000
273,24-10-2022 23:27,5500
31,24-10-2022 23:27,3800
796,24-10-2022 23:36,10000
115,24-10-2022 23:44,9939
841,24-10-2022 23:45,1700
421,24-10-2022 23:53,13300
888,25-10-2022 00:01,555
102,25-10-2022 00:07,2000
502,25-10-2022 00:13,9176
439,25-10-2022 00:16,56972
774,25-10-2022 00:24,50000
85,25-10-2022 00:27,8000
944,25-10-2022 00:30,1156
448,25-10-2022 00:30,6000
234,25-10-2022 01:18,3753
162,25-10-2022 01:30,110000
5,25-10-2022 01:35,1000
633,25-10-2022 01:54,10000
934,25-10-2022 02:13,1000
435,25-10-2022 02:23,1500
159,25-10-2022 02:51,7000
888,25-10-2022 02:56,8999
47,25-10-2022 02:57,500
989,25-10-2022 03:02,95000
699,25-10-2022 03:16,5000
421,25-10-2022 03:20,6500
302,25-10-2022 03:39,3500
185,25-10-2022 03:41,3178
985,25-10-2022 03:42,4000
888,25-10-2022 04:42,1163
937,25-10-2022 04:58,25000
202,25-10-2022 05:12,33000
31,25-10-2022 05:25,300
634,25-10-2022 05:29,286344
62,25-10-2022 05:36,18000
287,25-10-2022 05:52,4900
558,25-10-2022 05:54,1200
836,25-10-2022 06:43,5000
502,25-10-2022 06:50,14038
78,25-10-2022 06:55,15000
715,25-10-2022 07:10,3000
924,25-10-2022 07:13,14184
377,25-10-2022 07:20,11000
78,25-10-2022 07:21,10000
468,25-10-2022 08:05,20000
421,25-10-2022 08:09,21100
634,25-10-2022 08:55,298611
788,25-10-2022 09:47,59990
468,25-10-2022 09:52,8000
518,25-10-2022 10:09,300
634,25-10-2022 10:12,225097
558,25-10-2022 10:17,1000
664,25-10-2022 10:37,9500
421,25-10-2022 10:40,30000
554,25-10-2022 11:00,3852
78,25-10-2022 11:01,50000
637,25-10-2022 11:02,14000
336,25-10-2022 11:02,9000
93,25-10-2022 11:39,1500
446,25-10-2022 12:00,15479
50,25-10-2022 12:20,2000
365,25-10-2022 12:23,40389
440,25-10-2022 12:40,5000
509,25-10-2022 12:42,3000
625,25-10-2022 12:50,17356
888,25-10-2022 13:02,2217
972,25-10-2022 13:04,14600
47,25-10-2022 13:09,9999
187,25-10-2022 13:37,12000
878,25-10-2022 13:39,6269
167,25-10-2022 14:00,3000
11,25-10-2022 14:11,2000
448,25-10-2022 14:12,17300
634,25-10-2022 14:24,302547
474,25-10-2022 14:30,34000
78,25-10-2022 14:33,54000
296,25-10-2022 14:40,17979
162,25-10-2022 15:07,145000
162,25-10-2022 15:30,118000
536,25-10-2022 15:40,4000
913,25-10-2022 15:43,46034
634,25-10-2022 15:49,206567
985,25-10-2022 15:55,6000
920,25-10-2022 16:30,15300
532,25-10-2022 16:36,5500
78,25-10-2022 17:08,60000
157,25-10-2022 17:21,16666
114,25-10-2022 17:44,7500
93,25-10-2022 17:46,3990
412,25-10-2022 18:13,2800
967,25-10-2022 18:25,5000
888,25-10-2022 18:34,1536
78,25-10-2022 18:35,22000
421,25-10-2022 18:36,10000
167,25-10-2022 18:41,2000
713,25-10-2022 18:59,22000
435,25-10-2022 19:02,2100
342,25-10-2022 19:04,9000
927,25-10-2022 19:06,9999
972,25-10-2022 19:23,1000
731,25-10-2022 19:38,10000
597,25-10-2022 19:45,758
634,25-10-2022 19:47,314172
246,25-10-2022 19:53,1500
784,25-10-2022 19:58,4000
428,25-10-2022 19:59,2500
837,25-10-2022 19:59,8000
625,25-10-2022 20:08,12340
342,25-10-2022 20:33,5500
16,25-10-2022 20:39,9597
936,25-10-2022 20:44,4493
194,25-10-2022 20:47,20000
78,25-10-2022 20:49,55000
164,25-10-2022 21:21,2600
648,25-10-2022 21:24,680
720,25-10-2022 21:48,200
372,25-10-2022 21:50,8000
650,25-10-2022 22:47,36714
760,25-10-2022 22:49,10700
909,25-10-2022 22:50,400000
967,25-10-2022 22:52,5000
302,25-10-2022 23:00,1900
407,25-10-2022 23:06,9000
168,25-10-2022 23:15,8500
82,25-10-2022 23:26,17000
950,25-10-2022 23:45,3750
852,25-10-2022 23:48,8400
564,26-10-2022 00:22,2000
852,26-10-2022 00:38,4500
430,26-10-2022 00:49,11000
157,26-10-2022 01:11,18888
691,26-10-2022 02:02,600
47,26-10-2022 02:10,1188
357,26-10-2022 02:22,1039
909,26-10-2022 02:38,5000
689,26-10-2022 02:51,1000
448,26-10-2022 02:51,5500
327,26-10-2022 03:09,2000
907,26-10-2022 03:15,1734
97,26-10-2022 03:22,5000
558,26-10-2022 03:39,2000
934,26-10-2022 03:39,500
509,26-10-2022 03:46,3000
164,26-10-2022 04:04,5000
400,26-10-2022 04:15,16000
559,26-10-2022 04:54,48000
487,26-10-2022 05:16,24000
699,26-10-2022 05:16,6550
283,26-10-2022 05:18,3000
471,26-10-2022 05:22,20000
852,26-10-2022 05:27,2694
649,26-10-2022 05:31,2000
12,26-10-2022 05:44,12000
836,26-10-2022 06:20,20000
60,26-10-2022 06:30,5000
193,26-10-2022 06:31,40000
920,26-10-2022 06:44,28200
934,26-10-2022 06:49,500
412,26-10-2022 07:12,3800
688,26-10-2022 07:22,67078
699,26-10-2022 07:24,8000
430,26-10-2022 07:25,9000
16,26-10-2022 07:38,10000
518,26-10-2022 07:43,6300
592,26-10-2022 07:53,2211
599,26-10-2022 08:01,10502
164,26-10-2022 08:06,1000
418,26-10-2022 08:06,20000
187,26-10-2022 08:11,844
540,26-10-2022 08:13,30000
47,26-10-2022 08:37,3180
805,26-10-2022 08:38,15000
377,26-10-2022 08:40,11219
258,26-10-2022 08:47,9500
380,26-10-2022 08:54,7000
618,26-10-2022 09:08,10000
142,26-10-2022 09:50,42500
649,26-10-2022 10:05,1500
518,26-10-2022 10:25,1375
571,26-10-2022 10:37,5398
920,26-10-2022 10:39,95600
829,26-10-2022 10:49,6000
854,26-10-2022 10:50,2000
37,26-10-2022 11:00,3021
670,26-10-2022 11:02,6000
82,26-10-2022 11:19,24100
634,26-10-2022 11:29,143432
421,26-10-2022 11:39,5500
843,26-10-2022 11:52,18500
542,26-10-2022 12:39,6000
440,26-10-2022 12:50,1000
9,26-10-2022 13:02,20076
372,26-10-2022 13:08,20000
880,26-10-2022 13:15,15000
80,26-10-2022 13:41,100000
294,26-10-2022 14:00,123889
50,26-10-2022 14:01,1000
16,26-10-2022 14:18,9999
380,26-10-2022 14:20,4000
167,26-10-2022 14:51,1000
949,26-10-2022 14:55,40000
158,26-10-2022 15:03,5000
972,26-10-2022 15:08,700
602,26-10-2022 15:11,25000
992,26-10-2022 15:31,30000
44,26-10-2022 16:01,500
502,26-10-2022 16:08,9035
699,26-10-2022 16:19,7460
106,26-10-2022 16:23,3427
402,26-10-2022 16:27,12280
836,26-10-2022 16:31,25000
852,26-10-2022 16:43,10000
365,26-10-2022 17:26,50000
637,26-10-2022 17:39,18000
936,26-10-2022 17:52,17753
934,26-10-2022 18:11,1500
634,26-10-2022 18:17,227362
114,26-10-2022 18:18,20000
971,26-10-2022 18:29,3164
245,26-10-2022 19:26,70000
888,26-10-2022 19:28,9599
82,26-10-2022 19:44,2500
824,26-10-2022 20:06,12000
797,26-10-2022 20:26,4000
407,26-10-2022 20:28,6000
369,26-10-2022 20:37,200343
274,26-10-2022 20:52,11000
380,26-10-2022 20:55,7000
187,26-10-2022 21:43,6800
7,26-10-2022 21:57,6617
604,26-10-2022 21:59,5000
97,26-10-2022 22:23,7000
93,26-10-2022 22:43,30400
587,26-10-2022 22:58,135000
829,26-10-2022 23:25,28500
763,26-10-2022 23:38,4000
945,26-10-2022 23:41,20000
78,26-10-2022 23:51,9900
78,27-10-2022 00:14,27500
790,27-10-2022 00:21,7200
801,27-10-2022 00:58,7000
663,27-10-2022 01:26,2526
190,27-10-2022 01:34,10600
420,27-10-2022 02:18,3506
344,27-10-2022 02:34,50000
31,27-10-2022 03:01,500
47,27-10-2022 03:05,3080
180,27-10-2022 03:08,5000
637,27-10-2022 03:08,12500
187,27-10-2022 03:10,1279
583,27-10-2022 03:37,1715
78,27-10-2022 04:00,49000
47,27-10-2022 04:06,2500
185,27-10-2022 04:10,1000
668,27-10-2022 04:17,50000
157,27-10-2022 04:44,24444
634,27-10-2022 04:47,292017
599,27-10-2022 04:51,13000
159,27-10-2022 04:57,4500
82,27-10-2022 04:57,12030
11,27-10-2022 05:40,4500
852,27-10-2022 05:43,6300
338,27-10-2022 05:44,13000
760,27-10-2022 06:23,10500
518,27-10-2022 06:43,1700
852,27-10-2022 06:55,7700
137,27-10-2022 07:01,7000
989,27-10-2022 07:10,5000
760,27-10-2022 07:31,1500
421,27-10-2022 07:36,27600
987,27-10-2022 07:40,9000
920,27-10-2022 07:41,8800
196,27-10-2022 08:09,70000
351,27-10-2022 08:10,4936
922,27-10-2022 08:52,30000
766,27-10-2022 09:17,2300
547,27-10-2022 09:23,37038
25,27-10-2022 09:27,9500
699,27-10-2022 09:33,6500
688,27-10-2022 09:44,184266
158,27-10-2022 09:48,10000
246,27-10-2022 10:13,6000
106,27-10-2022 10:24,1000
39,27-10-2022 10:26,11725
2,27-10-2022 10:48,77900
557,27-10-2022 10:57,10000
548,27-10-2022 11:04,700
852,27-10-2022 12:43,8950
795,27-10-2022 12:53,3574
31,27-10-2022 13:04,3900
663,27-10-2022 13:17,5722
301,27-10-2022 13:21,8900
19,27-10-2022 13:42,9500
292,27-10-2022 13:53,4562
920,27-10-2022 14:08,70390
795,27-10-2022 14:20,10000
164,27-10-2022 14:36,800
739,27-10-2022 14:38,23000
261,27-10-2022 14:42,1300
47,27-10-2022 14:55,4900
344,27-10-2022 14:59,100000
946,27-10-2022 15:05,47000
594,27-10-2022 15:29,2950
978,27-10-2022 15:31,6001
305,27-10-2022 15:56,55000
257,27-10-2022 16:02,30000
193,27-10-2022 16:04,76000
720,27-10-2022 16:07,100
421,27-10-2022 16:15,5799
502,27-10-2022 16:40,15134
50,27-10-2022 16:53,1000
634,27-10-2022 17:01,159011
78,27-10-2022 17:03,27000
758,27-10-2022 17:11,6000
377,27-10-2022 17:11,3000
978,27-10-2022 17:22,7001
532,27-10-2022 17:27,7500
421,27-10-2022 17:28,2800
796,27-10-2022 17:28,2000
980,27-10-2022 17:33,4500
760,27-10-2022 17:44,6300
16,27-10-2022 17:49,2110
907,27-10-2022 18:25,2492
850,27-10-2022 18:42,22422
405,27-10-2022 18:51,16229
309,27-10-2022 19:43,8000
913,27-10-2022 20:09,8792
11,27-10-2022 20:11,8000
985,27-10-2022 20:15,1500
542,27-10-2022 20:24,6000
852,27-10-2022 20:35,7000
795,27-10-2022 20:47,13000
985,27-10-2022 20:53,1000
412,27-10-2022 20:56,1200
634,27-10-2022 21:08,195708
23,27-10-2022 21:10,70000
828,27-10-2022 21:15,5000
790,27-10-2022 21:15,3300
915,27-10-2022 21:28,35000
401,27-10-2022 21:33,15000
852,27-10-2022 21:53,5776
99,27-10-2022 22:53,178052
473,27-10-2022 22:59,24230
888,27-10-2022 23:17,282
580,27-10-2022 23:21,4000
45,27-10-2022 23:24,16000
672,28-10-2022 00:14,50000
365,28-10-2022 00:36,158238
599,28-10-2022 00:44,15000
723,28-10-2022 01:12,4800
114,28-10-2022 01:15,7000
565,28-10-2022 01:44,3920
654,28-10-2022 01:55,1350
407,28-10-2022 02:07,4000
890,28-10-2022 02:27,21873
421,28-10-2022 02:28,5100
47,28-10-2022 02:33,1500
377,28-10-2022 02:52,15000
653,28-10-2022 03:08,30000
927,28-10-2022 03:20,7500
159,28-10-2022 03:30,7317
251,28-10-2022 03:34,10000
907,28-10-2022 03:45,1751
915,28-10-2022 03:56,77609
421,28-10-2022 04:07,14300
763,28-10-2022 04:15,1000
352,28-10-2022 04:21,35000
47,28-10-2022 04:47,1120
885,28-10-2022 04:56,2862
383,28-10-2022 05:30,5000
618,28-10-2022 05:40,10000
548,28-10-2022 06:06,250
980,28-10-2022 06:09,200
82,28-10-2022 06:17,14000
238,28-10-2022 06:21,99000
477,28-10-2022 06:28,10000
795,28-10-2022 06:30,1500
47,28-10-2022 07:13,7100
233,28-10-2022 07:27,8000
637,28-10-2022 07:30,12000
852,28-10-2022 07:32,3284
245,28-10-2022 07:35,76000
187,28-10-2022 07:36,12000
330,28-10-2022 07:53,1127
836,28-10-2022 07:59,6000
852,28-10-2022 08:00,4522
795,28-10-2022 08:04,2000
47,28-10-2022 08:07,5500
713,28-10-2022 08:14,7000
920,28-10-2022 08:14,13975
164,28-10-2022 08:25,5000
884,28-10-2022 08:38,50500
634,28-10-2022 09:00,149083
419,28-10-2022 09:33,25000
664,28-10-2022 09:56,5000
634,28-10-2022 09:57,217730
157,28-10-2022 10:09,13211
912,28-10-2022 10:15,490
502,28-10-2022 10:27,6123
9,28-10-2022 10:49,18020
365,28-10-2022 11:24,23686
145,28-10-2022 11:33,20000
934,28-10-2022 11:41,2000
365,28-10-2022 11:53,5219
796,28-10-2022 11:55,10000
664,28-10-2022 12:01,4000
675,28-10-2022 12:04,70000
565,28-10-2022 12:08,39000
634,28-10-2022 12:26,163738
16,28-10-2022 12:32,19932
934,28-10-2022 12:34,2000
193,28-10-2022 12:52,35000
164,28-10-2022 13:27,5312
548,28-10-2022 13:44,400
659,28-10-2022 13:58,5000
559,28-10-2022 14:00,4000
204,28-10-2022 14:14,10150
987,28-10-2022 14:26,5900
971,28-10-2022 14:40,8687
950,28-10-2022 14:43,8000
298,28-10-2022 15:28,14030
852,28-10-2022 15:35,6350
78,28-10-2022 15:43,20000
902,28-10-2022 16:07,13000
972,28-10-2022 16:10,600
945,28-10-2022 17:02,24286
944,28-10-2022 17:15,1000
415,28-10-2022 17:46,76382
230,28-10-2022 18:06,1400
980,28-10-2022 18:10,650
383,28-10-2022 18:23,10000
245,28-10-2022 19:00,120000
852,28-10-2022 19:01,5100
508,28-10-2022 19:07,20000
370,28-10-2022 19:08,1200
980,28-10-2022 19:11,1650
296,28-10-2022 19:28,9000
82,28-10-2022 19:41,25000
47,28-10-2022 19:46,1566
182,28-10-2022 20:02,16456
754,28-10-2022 20:09,3307
201,28-10-2022 20:10,10055
565,28-10-2022 20:35,286
663,28-10-2022 20:43,11428
654,28-10-2022 20:49,7775
648,28-10-2022 21:20,11000
907,28-10-2022 21:30,2842
433,28-10-2022 21:52,25000
653,28-10-2022 21:54,6300
351,28-10-2022 22:06,3630
602,28-10-2022 22:27,20149
299,28-10-2022 22:45,35000
196,28-10-2022 22:47,25000
263,28-10-2022 22:47,16000
12,28-10-2022 22:58,691
125,28-10-2022 23:01,1000
187,28-10-2022 23:11,2500
602,28-10-2022 23:56,16013
421,29-10-2022 00:22,64400
920,29-10-2022 00:33,25500
920,29-10-2022 00:36,17000
845,29-10-2022 00:36,15670
795,29-10-2022 00:47,6000
112,29-10-2022 00:56,28072
357,29-10-2022 01:16,23795
836,29-10-2022 01:16,15000
97,29-10-2022 01:18,11500
196,29-10-2022 01:19,29000
688,29-10-2022 02:14,63645
927,29-10-2022 02:25,9999
421,29-10-2022 02:28,11200
754,29-10-2022 03:21,3000
365,29-10-2022 03:27,55178
75,29-10-2022 03:28,5000
927,29-10-2022 03:44,9999
518,29-10-2022 03:45,1790
920,29-10-2022 04:10,20450
183,29-10-2022 04:12,8100
185,29-10-2022 04:21,900
310,29-10-2022 04:42,17528
784,29-10-2022 04:43,1100
483,29-10-2022 04:50,1000
299,29-10-2022 05:08,40000
625,29-10-2022 05:20,9000
82,29-10-2022 05:34,61000
348,29-10-2022 05:46,10000
412,29-10-2022 06:07,1600
292,29-10-2022 06:11,2943
565,29-10-2022 06:38,290
162,29-10-2022 07:23,100000
542,29-10-2022 07:28,4250
502,29-10-2022 07:29,1650
583,29-10-2022 07:33,12000
599,29-10-2022 08:18,20000
357,29-10-2022 08:27,2019
393,29-10-2022 08:31,3000
164,29-10-2022 08:39,9700
654,29-10-2022 08:44,9211
854,29-10-2022 09:03,20000
987,29-10-2022 09:14,7000
146,29-10-2022 09:32,6000
634,29-10-2022 09:45,288244
187,29-10-2022 09:48,1000
736,29-10-2022 10:38,9000
309,29-10-2022 10:54,5000
167,29-10-2022 10:59,3499
11,29-10-2022 11:23,4000
907,29-10-2022 11:23,1701
854,29-10-2022 11:51,4000
852,29-10-2022 12:05,2104
164,29-10-2022 12:06,5296
663,29-10-2022 12:17,18347
365,29-10-2022 12:19,43584
242,29-10-2022 12:39,14947
804,29-10-2022 12:50,210
292,29-10-2022 13:37,10000
407,29-10-2022 13:45,10500
518,29-10-2022 13:54,500
667,29-10-2022 14:03,4394
407,29-10-2022 14:11,2500
365,29-10-2022 14:13,130759
47,29-10-2022 14:31,2500
16,29-10-2022 14:38,9999
927,29-10-2022 14:49,7000
947,29-10-2022 14:53,15000
164,29-10-2022 14:56,5263
365,29-10-2022 14:56,184952
78,29-10-2022 14:57,35000
959,29-10-2022 15:02,50400
412,29-10-2022 15:03,800
849,29-10-2022 15:11,8453
571,29-10-2022 15:21,7567
980,29-10-2022 15:34,4800
12,29-10-2022 15:49,1850
763,29-10-2022 15:55,4700
836,29-10-2022 16:10,20000
412,29-10-2022 16:29,3000
888,29-10-2022 16:38,4278
805,29-10-2022 16:57,21000
637,29-10-2022 17:08,8500
795,29-10-2022 17:32,1500
157,29-10-2022 17:42,22222
31,29-10-2022 17:50,3027
554,29-10-2022 17:57,4000
16,29-10-2022 18:14,6000
412,29-10-2022 18:24,1000
474,29-10-2022 18:29,6000
496,29-10-2022 18:30,1738
55,29-10-2022 18:35,179
962,29-10-2022 18:54,2484
330,29-10-2022 19:13,4000
99,29-10-2022 19:23,154046
502,29-10-2022 19:23,6100
852,29-10-2022 19:23,3487
421,29-10-2022 19:34,11800
93,29-10-2022 19:38,20022
309,29-10-2022 20:00,9000
47,29-10-2022 20:31,850
717,29-10-2022 20:37,24000
11,29-10-2022 21:14,6000
164,29-10-2022 21:42,5100
47,29-10-2022 21:49,2222
190,29-10-2022 22:29,2136
677,29-10-2022 22:35,14000
560,29-10-2022 22:46,7797
474,29-10-2022 23:03,6000
292,29-10-2022 23:18,13399
912,29-10-2022 23:45,480
763,30-10-2022 00:00,6900
373,30-10-2022 00:14,32000
137,30-10-2022 00:15,2000
422,30-10-2022 00:25,35000
841,30-10-2022 01:01,2000
164,30-10-2022 01:12,5250
587,30-10-2022 01:13,160000
677,30-10-2022 01:20,7000
187,30-10-2022 01:37,1000
634,30-10-2022 01:46,213268
288,30-10-2022 01:55,1000
289,30-10-2022 02:03,10000
407,30-10-2022 02:10,4300
344,30-10-2022 02:35,90000
499,30-10-2022 02:40,500
107,30-10-2022 02:41,2000
407,30-10-2022 02:44,50000
790,30-10-2022 03:30,2000
421,30-10-2022 03:40,10000
625,30-10-2022 04:04,17500
421,30-10-2022 04:23,8000
553,30-10-2022 04:25,11000
946,30-10-2022 04:36,47000
869,30-10-2022 04:36,45000
477,30-10-2022 04:36,9900
653,30-10-2022 04:39,19800
666,30-10-2022 04:59,2500
707,30-10-2022 05:10,12000
790,30-10-2022 05:16,4000
941,30-10-2022 05:25,30000
194,30-10-2022 05:28,6000
521,30-10-2022 05:38,5000
888,30-10-2022 06:08,9900
190,30-10-2022 06:12,8760
2,30-10-2022 06:13,119215
933,30-10-2022 06:14,18000
448,30-10-2022 06:21,6600
208,30-10-2022 06:29,165000
884,30-10-2022 06:31,13000
474,30-10-2022 06:36,4000
941,30-10-2022 06:38,20000
934,30-10-2022 06:41,2000
412,30-10-2022 06:48,2200
888,30-10-2022 06:50,1838
47,30-10-2022 07:06,8100
99,30-10-2022 07:18,171473
157,30-10-2022 07:24,22222
765,30-10-2022 08:07,15000
309,30-10-2022 08:14,3000
634,30-10-2022 08:25,272398
934,30-10-2022 08:47,2000
850,30-10-2022 08:50,11394
972,30-10-2022 09:10,500
922,30-10-2022 09:31,40000
989,30-10-2022 09:42,95000
471,30-10-2022 09:57,30000
202,30-10-2022 10:15,50800
421,30-10-2022 10:17,6600
592,30-10-2022 10:44,1597
689,30-10-2022 11:09,2000
962,30-10-2022 11:27,8000
836,30-10-2022 11:30,15000
625,30-10-2022 11:50,13000
920,30-10-2022 12:11,91100
885,30-10-2022 12:22,1885
365,30-10-2022 12:23,51191
625,30-10-2022 12:26,10000
852,30-10-2022 12:50,5372
114,30-10-2022 12:52,22000
357,30-10-2022 12:57,30000
167,30-10-2022 12:59,3499
989,30-10-2022 13:32,120000
536,30-10-2022 13:33,4100
300,30-10-2022 13:42,45000
167,30-10-2022 13:43,1500
47,30-10-2022 14:01,1800
133,30-10-2022 14:30,7500
634,30-10-2022 14:33,154885
807,30-10-2022 14:34,1500
547,30-10-2022 14:36,20000
634,30-10-2022 14:52,278949
972,30-10-2022 14:56,2000
965,30-10-2022 15:06,14000
987,30-10-2022 15:11,5000
880,30-10-2022 15:14,35000
852,30-10-2022 15:19,929
104,30-10-2022 15:21,40000
748,30-10-2022 15:22,15000
920,30-10-2022 15:33,5300
936,30-10-2022 15:40,7744
758,30-10-2022 15:41,2000
422,30-10-2022 15:49,11800
448,30-10-2022 15:54,10000
16,30-10-2022 16:22,8481
565,30-10-2022 16:48,30000
880,30-10-2022 16:57,50000
664,30-10-2022 17:08,8000
856,30-10-2022 17:11,13500
627,30-10-2022 17:11,5000
137,30-10-2022 17:18,22000
856,30-10-2022 17:28,15000
920,30-10-2022 17:28,14600
23,30-10-2022 17:36,52000
920,30-10-2022 17:37,38000
920,30-10-2022 17:49,17250
967,30-10-2022 18:00,6861
967,30-10-2022 18:37,9000
663,30-10-2022 18:48,26805
542,30-10-2022 18:50,4000
421,30-10-2022 18:51,6200
421,30-10-2022 19:24,10000
934,30-10-2022 19:24,1500
987,30-10-2022 19:26,4000
421,30-10-2022 19:40,510
625,30-10-2022 19:44,22971
446,30-10-2022 19:51,49656
852,30-10-2022 19:52,14450
944,30-10-2022 19:56,2000
688,30-10-2022 20:01,183917
101,30-10-2022 20:01,40000
471,30-10-2022 20:18,15000
127,30-10-2022 20:32,20000
164,30-10-2022 20:37,4900
553,30-10-2022 20:49,5000
497,30-10-2022 20:55,1958
298,30-10-2022 20:57,15130
828,30-10-2022 21:01,9999
541,30-10-2022 21:13,1000
11,30-10-2022 21:15,3000
272,30-10-2022 21:17,100000
936,30-10-2022 21:21,14436
352,30-10-2022 21:22,80000
728,30-10-2022 21:52,1800
2,30-10-2022 21:54,123700
625,30-10-2022 21:54,23004
168,30-10-2022 22:01,5500
532,30-10-2022 22:02,3500
946,30-10-2022 22:20,6000
565,30-10-2022 22:30,35000
47,30-10-2022 22:48,9800
468,30-10-2022 22:52,15000
47,30-10-2022 22:59,1111
774,30-10-2022 23:07,95000
422,30-10-2022 23:12,5900
296,30-10-2022 23:15,2500
292,30-10-2022 23:17,12999
518,30-10-2022 23:24,1500
633,30-10-2022 23:27,14000
377,30-10-2022 23:28,8500
502,30-10-2022 23:29,6200
502,30-10-2022 23:41,11176
987,30-10-2022 23:44,4900
940,30-10-2022 23:48,120000
980,31-10-2022 00:02,1100
790,31-10-2022 00:09,6400
97,31-10-2022 00:20,3000
922,31-10-2022 00:20,10000
365,31-10-2022 00:24,143584
255,31-10-2022 00:46,5000
78,31-10-2022 00:53,10000
836,31-10-2022 00:54,20000
2,31-10-2022 01:05,100000
690,31-10-2022 01:22,9500
581,31-10-2022 01:23,34243
355,31-10-2022 01:36,5663
373,31-10-2022 01:50,11600
185,31-10-2022 01:57,1517
628,31-10-2022 02:02,9999
47,31-10-2022 02:13,2000
108,31-10-2022 02:42,15000
540,31-10-2022 02:44,85000
762,31-10-2022 02:59,9000
421,31-10-2022 03:51,5700
797,31-10-2022 03:51,6500
390,31-10-2022 04:17,22000
262,31-10-2022 04:23,500
60,31-10-2022 04:31,10000
420,31-10-2022 04:34,639
59,31-10-2022 04:50,11783
369,31-10-2022 05:11,158428
190,31-10-2022 05:13,312
763,31-10-2022 05:14,9950
502,31-10-2022 05:28,11249
852,31-10-2022 05:47,8450
335,31-10-2022 05:56,10000
122,31-10-2022 06:01,6000
47,31-10-2022 06:03,4896
559,31-10-2022 06:18,20000
884,31-10-2022 06:20,69000
829,31-10-2022 06:29,10000
829,31-10-2022 06:42,2000
421,31-10-2022 07:15,10000
78,31-10-2022 07:48,60000
888,31-10-2022 08:05,900
662,31-10-2022 08:13,5000
825,31-10-2022 08:16,1400
663,31-10-2022 08:23,7853
93,31-10-2022 08:34,13000
634,31-10-2022 08:35,159011
668,31-10-2022 08:37,30000
754,31-10-2022 08:46,750
272,31-10-2022 08:52,2000
828,31-10-2022 09:01,9999
978,31-10-2022 09:05,2001
82,31-10-2022 09:14,24500
93,31-10-2022 09:28,14500
907,31-10-2022 09:28,2742
365,31-10-2022 09:33,102442
82,31-10-2022 09:50,39300
421,31-10-2022 10:28,25600
637,31-10-2022 10:30,12000
289,31-10-2022 10:47,20000
612,31-10-2022 10:56,2887
927,31-10-2022 11:02,9999
107,31-10-2022 11:12,9300
648,31-10-2022 11:17,15000
634,31-10-2022 11:20,263358
289,31-10-2022 11:21,10000
419,31-10-2022 11:24,20000
180,31-10-2022 11:30,5000
433,31-10-2022 11:33,25000
137,31-10-2022 11:40,10000
187,31-10-2022 11:40,149
721,31-10-2022 11:45,10000
412,31-10-2022 11:59,2000
390,31-10-2022 12:19,20000
502,31-10-2022 12:55,8760
565,31-10-2022 13:07,30000
836,31-10-2022 13:12,25000
240,31-10-2022 13:49,15000
422,31-10-2022 14:02,15500
263,31-10-2022 14:19,16307
355,31-10-2022 14:23,22397
786,31-10-2022 14:35,195700
493,31-10-2022 14:39,24100
688,31-10-2022 14:59,47400
353,31-10-2022 15:04,7500
64,31-10-2022 15:21,4000
377,31-10-2022 15:52,7669
159,31-10-2022 15:52,13500
836,31-10-2022 16:07,4000
518,31-10-2022 16:12,160
72,31-10-2022 16:23,4000
508,31-10-2022 16:48,20000
59,31-10-2022 16:49,6783
565,31-10-2022 16:50,280
82,31-10-2022 16:53,10000
550,31-10-2022 16:57,10000
992,31-10-2022 17:02,141600
47,31-10-2022 17:57,8800
836,31-10-2022 18:03,10000
472,31-10-2022 18:10,500
245,31-10-2022 18:18,102000
289,31-10-2022 18:32,15000
473,31-10-2022 19:05,40000
774,31-10-2022 19:42,45000
790,31-10-2022 19:50,9900
633,31-10-2022 20:12,18000
516,31-10-2022 20:53,2000
599,31-10-2022 20:53,5922
634,31-10-2022 21:04,177564
5,31-10-2022 21:05,8000
541,31-10-2022 21:48,2200
78,31-10-2022 22:24,52500
754,31-10-2022 22:29,6474
688,31-10-2022 22:30,33600
208,31-10-2022 22:31,20000
352,31-10-2022 22:39,24000
760,31-10-2022 22:46,25000
663,31-10-2022 22:54,5605
852,31-10-2022 23:08,3980
559,31-10-2022 23:27,5000
407,31-10-2022 23:51,3000
389,31-10-2022 23:56,14481
11,31-10-2022 23:57,4000
112,31-10-2022 23:58,1604
